id,icon,title,description,redirect,is_active,created_at,updated_at,order
1,https://firebasestorage.googleapis.com/v0/b/contemp-1e58c.appspot.com/o/Captura%20de%20tela%20de%202024-01-30%2017-07-49.png-Wed%20Jan%2031%202024%2019%3A46%3A36%20GMT-0300%20(Hor%C3%A1rio%20Padr%C3%A3o%20de%20Bras%C3%ADlia)?alt=media&token=0b143e60-1994-48a8-a0f3-f9ce6279c4cf,teste,desc,https://contemp.com.br/,true,2024-01-31 22:46:42.309,2024-01-31 22:46:42.309,1
2,https://firebasestorage.googleapis.com/v0/b/contemp-1e58c.appspot.com/o/Captura%20de%20tela%20de%202024-01-29%2020-38-25.png-Wed%20Jan%2031%202024%2020%3A12%3A02%20GMT-0300%20(Hor%C3%A1rio%20Padr%C3%A3o%20de%20Bras%C3%ADlia)?alt=media&token=30622f18-6d5d-4df3-9281-46b8ea22cb75,a,a,a,true,2024-01-31 23:12:05.759,2024-01-31 23:12:05.759,2
3,https://firebasestorage.googleapis.com/v0/b/contemp-1e58c.appspot.com/o/Captura%20de%20tela%20de%202024-01-29%2020-56-37.png-Wed%20Jan%2031%202024%2020%3A12%3A08%20GMT-0300%20(Hor%C3%A1rio%20Padr%C3%A3o%20de%20Bras%C3%ADlia)?alt=media&token=8ab39fbd-843a-4a40-9daf-b8c9adc2b6e4,b,b,b,true,2024-01-31 23:12:11.577,2024-01-31 23:12:11.577,3
4,https://firebasestorage.googleapis.com/v0/b/contemp-1e58c.appspot.com/o/Captura%20de%20tela%20de%202024-01-29%2013-21-57.png-Wed%20Jan%2031%202024%2020%3A12%3A14%20GMT-0300%20(Hor%C3%A1rio%20Padr%C3%A3o%20de%20Bras%C3%ADlia)?alt=media&token=813cea16-f28a-47b7-bf81-8691b7241168,c,c,c,true,2024-01-31 23:12:17.378,2024-01-31 23:12:17.378,4
5,https://firebasestorage.googleapis.com/v0/b/contemp-1e58c.appspot.com/o/Captura%20de%20tela%20de%202024-01-29%2015-46-58.png-Wed%20Jan%2031%202024%2020%3A12%3A20%20GMT-0300%20(Hor%C3%A1rio%20Padr%C3%A3o%20de%20Bras%C3%ADlia)?alt=media&token=b78362af-71dd-4636-864d-6e9730978e0d,d,d,d,true,2024-01-31 23:12:23.463,2024-01-31 23:12:23.463,5
6,https://firebasestorage.googleapis.com/v0/b/contemp-1e58c.appspot.com/o/Captura%20de%20tela%20de%202024-01-29%2020-56-37.png-Wed%20Jan%2031%202024%2020%3A12%3A29%20GMT-0300%20(Hor%C3%A1rio%20Padr%C3%A3o%20de%20Bras%C3%ADlia)?alt=media&token=dd03bed7-6a86-4113-9fae-d964c42f9d0c,e,e,e,true,2024-01-31 23:12:31.998,2024-01-31 23:12:31.998,6
