id,description,destaque,icon,link_name,name,indexProduct,category_id,urls,created_at,updated_at
5,"A Placa Controladora de Processos ETC46 possui múltiplas entradas e saídas adequadas à maioria das aplicações em processos e equipamentos. É baseado em um micro controlador RISC, o que lhe confere exatidão no processamento dos sinais.",false,https://firebasestorage.googleapis.com/v0/b/contemp-1e58c.appspot.com/o/Ativo%202.png-Thu%20Jan%2012%202023%2018%3A14%3A58%20GMT-0300%20(Hor%C3%A1rio%20Padr%C3%A3o%20de%20Bras%C3%ADlia)?alt=media&token=8f8668d3-225a-4c8b-bcea-4ae539c4a205,https://contemp.com.br/produto/PLACA_CONTROLADORA_-_ETC_46,ETC46,6,9,"[""https://firebasestorage.googleapis.com/v0/b/contemp-1e58c.appspot.com/o/ETC%2046.png-Wed%20Dec%2014%202022%2010%3A13%3A36%20GMT-0300%20(Hor%C3%A1rio%20Padr%C3%A3o%20de%20Bras%C3%ADlia)?alt=media&token=ab0b3ccf-0c72-4972-8b32-7a0d23a04107""]",2024-01-11 23:45:55.713,2024-01-11 23:45:55.713
7,"O Controlador de temperatura e processos C714 disponibiliza entrada universal, duas saídas a relé e uma saída linear de alta resolução. Permite a instalação de até dois opcionais. Disponível aplicativo para configuração e monitoramento via NFC.",false,https://firebasestorage.googleapis.com/v0/b/contemp-1e58c.appspot.com/o/controlador-de-potencia.png-Thu%20Jan%2012%202023%2017%3A53%3A40%20GMT-0300%20(Hor%C3%A1rio%20Padr%C3%A3o%20de%20Bras%C3%ADlia)?alt=media&token=62d0d696-8e0a-46cd-9b73-3f4fd712fc5d,https://contemp.com.br/produto/CONTROLADOR_DE_TEMPERATURA_E_PROCESSOS_-_C714,C714,1,14,"[""https://firebasestorage.googleapis.com/v0/b/contemp-1e58c.appspot.com/o/C714%20-%202022-NOVO%20-MAIOR.png-Wed%20Aug%2016%202023%2011%3A21%3A46%20GMT-0300%20(Hor%C3%A1rio%20Padr%C3%A3o%20de%20Bras%C3%ADlia)?alt=media&token=994dec01-bd2e-446f-91e0-6a7b69f75f64""]",2024-01-11 23:45:55.713,2024-01-11 23:45:55.713
3,"A câmera termográfica fixa PI640I G7 mede a temperatura em tempo real, com alta resolução e precisão de ± 2°C. Ideal para detectar anomalias em processos industriais e sistemas elétricos, possui opções de configuração e é fácil de instalar em espaços reduzidos.",false,https://firebasestorage.googleapis.com/v0/b/contemp-1e58c.appspot.com/o/C%C3%A2meras%20v.png-Fri%20Nov%2024%202023%2012%3A03%3A16%20GMT-0300%20(Hor%C3%A1rio%20Padr%C3%A3o%20de%20Bras%C3%ADlia)?alt=media&token=8d5812c4-3154-4e30-906a-034a019840a7,https://contemp.com.br/produto/C%C3%82MERA_TERMOGR%C3%81FICA_FIXA_-_PI640I_G7,PI640I G7,3,7,"[""https://firebasestorage.googleapis.com/v0/b/contemp-1e58c.appspot.com/o/PI640%20G7.png-Fri%20May%2012%202023%2015%3A38%3A57%20GMT-0300%20(Hor%C3%A1rio%20Padr%C3%A3o%20de%20Bras%C3%ADlia)?alt=media&token=9e257640-a39b-40d6-a787-1bbca5d19ae8""]",2024-01-11 23:45:55.713,2024-01-11 23:45:55.713
1,"Possibilitando a indicação e totalização, o i716 possui entrada universal, 3 saídas a relé, 1 saída analógica de alta resolução. Permite a instalação de até 3 opcionais. Disponível APP para configuração e monitoramento via NFC e o software Contemp Connect para PCs.",false,https://firebasestorage.googleapis.com/v0/b/contemp-1e58c.appspot.com/o/controlador.png-Wed%20Aug%2016%202023%2011%3A34%3A09%20GMT-0300%20(Hor%C3%A1rio%20Padr%C3%A3o%20de%20Bras%C3%ADlia)?alt=media&token=f4a5ab91-5144-4825-8958-6dca310d5602,https://contemp.com.br/produto/INDICADOR_DE_PROCESSOS_-_I716,I716,2,11,"[""https://firebasestorage.googleapis.com/v0/b/contemp-1e58c.appspot.com/o/I716.png-Wed%20Aug%2016%202023%2011%3A27%3A06%20GMT-0300%20(Hor%C3%A1rio%20Padr%C3%A3o%20de%20Bras%C3%ADlia)?alt=media&token=f5d78db9-9be9-485d-984f-95e97ffb293d""]",2024-01-11 23:45:55.713,2024-01-11 23:45:55.713
4,"O Controlador de Potência P501 é usado para o acionamento de cargas, podendo aumentar a vida útil das resistências e economizar energia. Opcionais: controlador de processos, comunicação Ethernet, RS485 ou Galvanômetro. Disponível software Contemp Connect para PCs (veja outras funcionalidades).",false,https://firebasestorage.googleapis.com/v0/b/contemp-1e58c.appspot.com/o/potencia.png-Wed%20Aug%2016%202023%2011%3A35%3A18%20GMT-0300%20(Hor%C3%A1rio%20Padr%C3%A3o%20de%20Bras%C3%ADlia)?alt=media&token=70b0dbf4-6b8f-430d-8d15-17b07b5fda6c,"https://contemp.com.br/produto/controlador_de_pot%c3%aancia_1,_2,_3_fases_controladas_100a_e_150a_-_p501",P501,0,13,"[""https://firebasestorage.googleapis.com/v0/b/contemp-1e58c.appspot.com/o/UPGRADE%20P501%20-%20150A%20-%203FC.png-Wed%20Nov%2008%202023%2023%3A37%3A33%20GMT-0300%20(Hor%C3%A1rio%20Padr%C3%A3o%20de%20Bras%C3%ADlia)?alt=media&token=34ad240e-838c-4a45-bf75-d6ea9dcb258a""]",2024-01-11 23:45:55.713,2024-01-11 23:45:55.713
2,"O pirômetro fixo CTRatio 2M mede a temperatura sem contato, com precisão de ± 0,5°C e faixa de 550°C a 3.200°C. Com saída analógica e digital, é fácil de instalar em indústrias metalúrgicas, vidro e cerâmica. Possui ajuste de emissividade e análise avançada de imagem em design compacto.",false,https://firebasestorage.googleapis.com/v0/b/contemp-1e58c.appspot.com/o/Pir%C3%B4metros.png-Fri%20Nov%2024%202023%2012%3A01%3A42%20GMT-0300%20(Hor%C3%A1rio%20Padr%C3%A3o%20de%20Bras%C3%ADlia)?alt=media&token=8469ccf5-db0b-4ebb-856b-dc68d43d2f8f,https://contemp.com.br/produto/PIR%C3%94METRO_FIXO_-_CTRatio_2M,CTRatio 2M,4,10,"[""https://firebasestorage.googleapis.com/v0/b/contemp-1e58c.appspot.com/o/CTRATIO.webp-Fri%20May%2012%202023%2015%3A41%3A43%20GMT-0300%20(Hor%C3%A1rio%20Padr%C3%A3o%20de%20Bras%C3%ADlia)?alt=media&token=6577efe3-90c7-4337-b52d-a9b366633974""]",2024-01-11 23:45:55.713,2024-01-11 23:45:55.713
6,"O pirômetro infravermelho Optris CSVision R2M foi projetado para medição de temperatura sem contato na faixa de 250 a 1.400°C. O dispositivo é fabricado em aço inoxidável robusto e de alta performance, com grau de proteção em IP 65.",false,https://firebasestorage.googleapis.com/v0/b/contemp-1e58c.appspot.com/o/Pir%C3%B4metros.png-Fri%20Nov%2024%202023%2012%3A04%3A21%20GMT-0300%20(Hor%C3%A1rio%20Padr%C3%A3o%20de%20Bras%C3%ADlia)?alt=media&token=db223f63-895f-44b5-9545-6a1bf09b68ca,https://contemp.com.br/produto/PIR%C3%94METRO_FIXO_CSVISION_R2M,PIRÔMETRO FIXO CSVISION R2M,5,10,"[""https://firebasestorage.googleapis.com/v0/b/contemp-1e58c.appspot.com/o/12.png-Wed%20Aug%2016%202023%2011%3A54%3A52%20GMT-0300%20(Hor%C3%A1rio%20Padr%C3%A3o%20de%20Bras%C3%ADlia)?alt=media&token=590891d2-33f7-48e1-90ed-f833448eedfd""]",2024-01-11 23:45:55.713,2024-01-11 23:45:55.713
