id,name,email,password,super_adm,picture,is_active,created_at,updated_at
3,Kemelin,kemelin@3hub.co,$2b$10$u0uhtJDzzzyW2p7/w32Oj.wk7MkJY4F2quVq5p8gXnYeDHXV5k1T.,true,https://firebasestorage.googleapis.com/v0/b/contemp-1e58c.appspot.com/o/3hub-logo.png-Fri%20Jan%2019%202024%2014%3A37%3A25%20GMT-0300%20(Hor%C3%A1rio%20Padr%C3%A3o%20de%20Bras%C3%ADlia)?alt=media&token=39f9b376-c759-44c5-9b9f-8967859ffdfd,true,2024-01-19 16:53:41.763,2024-01-19 17:39:20.467
4,Marketing,marketing@contemp.com.br,$2b$10$YFnJHKBYkwWwACfkY31SAuZ2ZQA9hrkHjEZEbaVBVT0jVQPN5uK2m,false,https://firebasestorage.googleapis.com/v0/b/contemp-1e58c.appspot.com/o/2.png-Fri%20Jan%2019%202024%2016%3A38%3A34%20GMT-0300%20(Hora%20padr%C3%A3o%20de%20Bras%C3%ADlia)?alt=media&token=336428dd-3a2b-4560-8506-fb6754109a3c,true,2024-01-19 19:38:40.363,2024-01-19 19:38:40.363
5,3Hub,kendadesign2@gmail.com,$2b$10$UQPPS140YQJ2gHnF.1iVh.vXWiKCx4OdnYRy4qtyng6NNFQeOgogW,false,https://firebasestorage.googleapis.com/v0/b/contemp-1e58c.appspot.com/o/3hub-logo.png-Mon%20Jan%2022%202024%2008%3A49%3A25%20GMT-0300%20(Hora%20padr%C3%A3o%20de%20Bras%C3%ADlia)?alt=media&token=dbb60475-1efe-42fc-a8f9-5827adffd6fa,true,2024-01-22 11:49:07.157,2024-01-22 12:03:37.906
1,caique lima,arq.caique@hotmail.com,$2b$10$QrjaIfmlT1aIS7wjk.XJReAr3fsz0DOAAJLBC2BkLQAHSKLZTKTLu,true,https://firebasestorage.googleapis.com/v0/b/contemp-1e58c.appspot.com/o/Eisenbahn_Lata_269ml_f3d6afa2c1.png-Fri%20Jan%2019%202024%2013%3A56%3A23%20GMT-0300%20(Hor%C3%A1rio%20Padr%C3%A3o%20de%20Bras%C3%ADlia)?alt=media&token=cd130bbe-b6be-4f12-8d66-a7f26b4fa8ca,true,2024-01-19 15:56:39.939,2024-01-31 23:39:57.746
