id,url,created_at,name,updated_at
1,contemp.com.br/api/arquivos/temnacontemp.pdf,2023-08-21 17:53:49.666,temnacontemp.pdf,2024-01-11 23:45:43.56
2,contemp.com.br/api/arquivos/contemp-sobre.webp,2023-08-21 17:58:30.329,contemp-sobre.webp,2024-01-11 23:45:43.56
14,contemp.com.br/api/arquivos/bannercontemp.png,2023-10-04 16:43:55.85,bannercontemp.png,2024-01-11 23:45:43.56
17,contemp.com.br/api/arquivos/botao-01-contatos.png,2023-10-06 21:01:01.109,botao-01-contatos.png,2024-01-11 23:45:43.56
18,contemp.com.br/api/arquivos/botao-02-contatos.png,2023-10-06 21:32:21.924,botao-02-contatos.png,2024-01-11 23:45:43.56
21,contemp.com.br/api/arquivos/tabela-smcl.webp,2023-10-17 23:03:34.327,tabela-smcl.webp,2024-01-11 23:45:43.56
22,contemp.com.br/api/arquivos/cabecotes-de-ligacao-1.webp,2023-10-17 23:39:26.036,cabecotes-de-ligacao-1.webp,2024-01-11 23:45:43.56
23,contemp.com.br/api/arquivos/cabecotes-de-ligacao-2.webp,2023-10-17 23:39:26.044,cabecotes-de-ligacao-2.webp,2024-01-11 23:45:43.56
24,contemp.com.br/api/arquivos/cabecotes-de-ligacao-3.webp,2023-10-17 23:39:26.05,cabecotes-de-ligacao-3.webp,2024-01-11 23:45:43.56
25,contemp.com.br/api/arquivos/anel-de-ajuste-em-aluminio-fundido.webp,2023-10-18 00:22:17.732,anel-de-ajuste-em-aluminio-fundido.webp,2024-01-11 23:45:43.56
26,contemp.com.br/api/arquivos/tabela-smcl-2.webp,2023-10-18 01:14:51.547,tabela-smcl-2.webp,2024-01-11 23:45:43.56
27,contemp.com.br/api/arquivos/anel-de-ajuste-em-aluminio-fundido-2.webp,2023-10-18 01:38:32.73,anel-de-ajuste-em-aluminio-fundido-2.webp,2024-01-11 23:45:43.56
28,contemp.com.br/api/arquivos/cabecotes-de-ligacao-4.webp,2023-10-18 01:38:38.617,cabecotes-de-ligacao-4.webp,2024-01-11 23:45:43.56
29,contemp.com.br/api/arquivos/cabecotes-de-ligacao-5.webp,2023-10-18 01:38:42.144,cabecotes-de-ligacao-5.webp,2024-01-11 23:45:43.56
30,contemp.com.br/api/arquivos/cabecotes-de-ligacao-6.webp,2023-10-18 01:38:47.039,cabecotes-de-ligacao-6.webp,2024-01-11 23:45:43.56
31,contemp.com.br/api/arquivos/cabecotes-de-ligacao-7.webp,2023-10-18 18:14:45.52,cabecotes-de-ligacao-7.webp,2024-01-11 23:45:43.56
32,contemp.com.br/api/arquivos/cabecotes-de-ligacao-8.webp,2023-10-18 18:14:53.381,cabecotes-de-ligacao-8.webp,2024-01-11 23:45:43.56
33,contemp.com.br/api/arquivos/tabela-smcl-3.webp,2023-10-18 18:15:00.343,tabela-smcl-3.webp,2024-01-11 23:45:43.56
34,contemp.com.br/api/arquivos/cabecotes-de-ligacao-9.webp,2023-10-18 19:03:46.787,cabecotes-de-ligacao-9.webp,2024-01-11 23:45:43.56
35,contemp.com.br/api/arquivos/cabecotes-de-ligacao-10.webp,2023-10-18 19:03:53.999,cabecotes-de-ligacao-10.webp,2024-01-11 23:45:43.56
36,contemp.com.br/api/arquivos/cabecotes-de-ligacao-11.webp,2023-10-18 19:03:59.434,cabecotes-de-ligacao-11.webp,2024-01-11 23:45:43.56
37,contemp.com.br/api/arquivos/tabela-smcl-4.webp,2023-10-18 19:05:34.682,tabela-smcl-4.webp,2024-01-11 23:45:43.56
38,contemp.com.br/api/arquivos/tabela-smcl-5.webp,2023-10-18 20:10:27.628,tabela-smcl-5.webp,2024-01-11 23:45:43.56
39,contemp.com.br/api/arquivos/cabecotes-de-ligacao-12.webp,2023-10-18 20:10:34.852,cabecotes-de-ligacao-12.webp,2024-01-11 23:45:43.56
40,contemp.com.br/api/arquivos/cabecotes-de-ligacao-13.webp,2023-10-18 20:10:39.118,cabecotes-de-ligacao-13.webp,2024-01-11 23:45:43.56
41,contemp.com.br/api/arquivos/tabela-smcl-6.webp,2023-10-18 23:25:11.326,tabela-smcl-6.webp,2024-01-11 23:45:43.56
42,contemp.com.br/api/arquivos/bucim-movel-bsp-npt.webp,2023-10-18 23:25:54.352,bucim-movel-bsp-npt.webp,2024-01-11 23:45:43.56
43,contemp.com.br/api/arquivos/tabela-smcl-7.webp,2023-10-19 00:20:19.476,tabela-smcl-7.webp,2024-01-11 23:45:43.56
44,contemp.com.br/api/arquivos/tabela-smcl-8.webp,2023-10-19 00:32:55.465,tabela-smcl-8.webp,2024-01-11 23:45:43.56
45,contemp.com.br/api/arquivos/conector-termopar.webp,2023-10-19 00:33:01.558,conector-termopar.webp,2024-01-11 23:45:43.56
46,contemp.com.br/api/arquivos/tabela-smcl-9.webp,2023-10-19 01:17:57.593,tabela-smcl-9.webp,2024-01-11 23:45:43.56
47,contemp.com.br/api/arquivos/tabela-smcl-10.webp,2023-10-19 01:42:27.106,tabela-smcl-10.webp,2024-01-11 23:45:43.56
48,contemp.com.br/api/arquivos/tabela-smcl-11.webp,2023-10-19 12:42:22.015,tabela-smcl-11.webp,2024-01-11 23:45:43.56
49,contemp.com.br/api/arquivos/salvar_em_webp_no_photoshop.mp4,2023-10-19 21:55:25.879,salvar em webp no photoshop.mp4,2024-01-11 23:45:43.56
50,contemp.com.br/api/arquivos/base_arquivos_contemp.psd,2023-10-20 03:46:14.102,base arquivos contemp.psd,2024-01-11 23:45:43.56
51,contemp.com.br/api/arquivos/alterar_doc_da_tab.mp4,2023-10-20 21:48:49.981,alterar doc da tab.mp4,2024-01-11 23:45:43.56
52,contemp.com.br/api/arquivos/anel-de-ajuste-em-aluminio-fundido-3.webp,2023-10-23 12:44:01.698,anel-de-ajuste-em-aluminio-fundido-3.webp,2024-01-11 23:45:43.56
53,contemp.com.br/api/arquivos/bucim-movel-bsp-npt-2..webp,2023-10-23 13:10:43.289,bucim-movel-bsp-npt-2..webp,2024-01-11 23:45:43.56
57,contemp.com.br/api/arquivos/conector-pt100.webp,2023-10-23 18:11:38.963,conector-pt100.webp,2024-01-11 23:45:43.56
59,contemp.com.br/api/arquivos/s200-v1.02-rev.06.pdf,2023-11-01 20:54:12.87,s200-v1.02-rev.06.pdf,2024-01-11 23:45:43.56
60,contemp.com.br/api/arquivos/bannercontemp.webp,2023-11-04 16:54:49.983,bannercontemp.webp,2024-01-11 23:45:43.56
61,contemp.com.br/api/arquivos/banner-2.webp,2023-11-04 17:01:00.519,banner-2.webp,2024-01-11 23:45:43.56
62,contemp.com.br/api/arquivos/banner-3.webp,2023-11-04 18:22:47.925,banner-3.webp,2024-01-11 23:45:43.56
63,contemp.com.br/api/arquivos/banner-4.webp,2023-11-08 22:01:52.207,banner-4.webp,2024-01-11 23:45:43.56
67,contemp.com.br/api/arquivos/h401-rev01.pdf,2023-11-21 19:31:16.489,h401-rev01.pdf,2024-01-11 23:45:43.56
68,contemp.com.br/api/arquivos/kt-k-t-v1.12-rev14.pdf,2023-11-21 19:33:48.476,kt-k-t-v1.12-rev14.pdf,2024-01-11 23:45:43.56
69,contemp.com.br/api/arquivos/2.png,2023-11-23 12:07:07.247,2.png,2024-01-11 23:45:43.56
70,contemp.com.br/api/arquivos/3hub-logo.png,2023-11-23 12:40:35.852,3hub-logo.png,2024-01-11 23:45:43.56
89,contemp.com.br/api/arquivos/bannerfinalcontempreport.png,2023-12-15 14:50:07.349,bannerfinalcontempreport.png,2024-01-11 23:45:43.56
90,contemp.com.br/api/arquivos/bannermobilereportcontemp.png,2023-12-15 14:56:49.314,bannermobilereportcontemp.png,2024-01-11 23:45:43.56
91,contemp.com.br/api/arquivos/bannermobilecsvisioncontemp.png,2023-12-15 15:03:39.477,bannermobilecsvisioncontemp.png,2024-01-11 23:45:43.56
92,contemp.com.br/api/arquivos/setupcontempconnectv1.23bd1.24.exe,2023-12-15 15:51:33.038,setupcontempconnectv1.23bd1.24.exe,2024-01-11 23:45:43.56
93,contemp.com.br/api/arquivos/setupcontempreportv1.00.exe,2023-12-15 15:53:02.582,setupcontempreportv1.00.exe,2024-01-11 23:45:43.56
94,contemp.com.br/api/arquivos/tabela_de_emissividade_2022_nova_identidade.pdf,2023-12-19 13:57:01.496,tabela_de_emissividade_2022_nova_identidade.pdf,2024-01-11 23:45:43.56
95,contemp.com.br/api/arquivos/imagedefault.webp,2023-12-27 15:27:22.303,imagedefault.webp,2024-01-11 23:45:43.56
96,contemp.com.br/api/arquivos/bannerwhatsappcontemp.png,2024-01-18 23:15:28.321,bannerwhatsappcontemp.png,2024-01-18 23:15:28.322
97,contemp.com.br/api/arquivos/logocontempcinza.svg,2024-01-20 13:55:43.654,logocontempcinza.svg,2024-01-20 13:55:43.655
98,contemp.com.br/api/arquivos/logocontemppreto.svg,2024-01-20 13:55:43.662,logocontemppreto.svg,2024-01-20 13:55:43.664
101,contemp.com.br/api/arquivos/assinaturacontemp.png,2024-01-25 18:31:40.18,assinaturacontemp.png,2024-01-25 18:31:40.181
