id,url,type,created_at,updated_at,order,description,redirect,status,subtitle,title
10,https://firebasestorage.googleapis.com/v0/b/contemp-1e58c.appspot.com/o/banner-2.webp-Wed%20Jan%2024%202024%2015%3A04%3A34%20GMT-0300%20(Hora%20padr%C3%A3o%20de%20Bras%C3%ADlia)?alt=media&token=e105ed51-89f8-484a-9d22-274bd1f5a196,Mobile,2024-01-24 18:07:56.853,2024-01-24 18:07:56.853,8,Conheça nossas soluções completas para sua indústria. Fale com nossa equipe de vendas.,https://www.contemp.com.br/todosProdutos,true,MEDIÇÃO E CONTROLE DE TEMPERATURA EM,PROCESSOS INDUSTRIAIS
11,https://firebasestorage.googleapis.com/v0/b/contemp-1e58c.appspot.com/o/banner-3.webp-Wed%20Jan%2024%202024%2015%3A06%3A20%20GMT-0300%20(Hora%20padr%C3%A3o%20de%20Bras%C3%ADlia)?alt=media&token=b27b0765-a9b3-48fd-b11f-dca72dc4d002,Mobile,2024-01-24 18:09:07.762,2024-01-24 18:09:07.762,9,Temos uma equipe de vendedores-técnicos de prontidão para te atender.,https://www.contemp.com.br/a-contemp,true,,ATENDEMOS O BRASIL E A AMÉRICA LATINA
4,https://firebasestorage.googleapis.com/v0/b/contemp-1e58c.appspot.com/o/bannerfinalcontempreport.png-Wed%20Jan%2024%202024%2014%3A43%3A35%20GMT-0300%20(Hora%20padr%C3%A3o%20de%20Bras%C3%ADlia)?alt=media&token=936eb295-1dba-4fc2-b92f-0c6a8a3bed72,Desktop,2024-01-24 17:46:07.555,2024-01-24 17:46:07.555,2,,https://www.contemp.com.br/produto/software_-_contemp_report,true,,
5,https://firebasestorage.googleapis.com/v0/b/contemp-1e58c.appspot.com/o/bannercontemp.webp-Wed%20Jan%2024%202024%2014%3A46%3A39%20GMT-0300%20(Hora%20padr%C3%A3o%20de%20Bras%C3%ADlia)?alt=media&token=6e442160-4ac1-4a0a-8873-f5537cf74371,Desktop,2024-01-24 17:48:58.551,2024-01-24 17:48:58.551,3,,https://www.contemp.com.br/produto/pir%C3%B4metro_fixo_csvision_r2m,true,,
6,https://firebasestorage.googleapis.com/v0/b/contemp-1e58c.appspot.com/o/banner-2.webp-Wed%20Jan%2024%202024%2014%3A47%3A31%20GMT-0300%20(Hora%20padr%C3%A3o%20de%20Bras%C3%ADlia)?alt=media&token=2a4ff722-f5d3-4d72-b917-cf0f4de2050c,Desktop,2024-01-24 17:50:54.005,2024-01-24 17:56:35.71,4,Conheça nossas soluções completas para sua indústria. Fale com nossa equipe de vendas.,https://www.contemp.com.br/todosProdutos,true,MEDIÇÃO E CONTROLE DE TEMPERATURA EM,PROCESSOS INDUSTRIAIS
7,https://firebasestorage.googleapis.com/v0/b/contemp-1e58c.appspot.com/o/banner-3.webp-Wed%20Jan%2024%202024%2014%3A59%3A09%20GMT-0300%20(Hora%20padr%C3%A3o%20de%20Bras%C3%ADlia)?alt=media&token=3acb6235-49cc-45c4-bac9-28a1bf799f0a,Desktop,2024-01-24 18:01:52.833,2024-01-24 18:01:52.833,5,Temos uma equipe de vendedores-técnicos de prontidão para te atender.,https://www.contemp.com.br/a-contemp,true,,ATENDEMOS O BRASIL E A AMÉRICA LATINA
8,https://firebasestorage.googleapis.com/v0/b/contemp-1e58c.appspot.com/o/bannermobilereportcontemp.png-Wed%20Jan%2024%202024%2015%3A01%3A34%20GMT-0300%20(Hora%20padr%C3%A3o%20de%20Bras%C3%ADlia)?alt=media&token=7a98817f-11f1-4992-adc6-85340a4b5d4c,Mobile,2024-01-24 18:04:17.714,2024-01-24 18:04:17.714,6,,https://www.contemp.com.br/produto/software_-_contemp_report,true,,
9,https://firebasestorage.googleapis.com/v0/b/contemp-1e58c.appspot.com/o/bannermobilecsvisioncontemp.png-Wed%20Jan%2024%202024%2015%3A03%3A55%20GMT-0300%20(Hora%20padr%C3%A3o%20de%20Bras%C3%ADlia)?alt=media&token=5fd7190a-c70f-44ef-a7bd-9dc57e940f6c,Mobile,2024-01-24 18:06:05.264,2024-01-24 18:06:05.264,7,,https://www.contemp.com.br/produto/pir%C3%B4metro_fixo_csvision_r2m,true,,
