id,source,destination,created_at,updated_at
691,/vagas,/trabalhe-conosco,2023-12-19 19:01:53.300625,2024-01-11 23:41:43.019
692,/contato,https://contemp.com.br,2023-12-19 19:01:53.310539,2024-01-11 23:41:43.019
693,/empresa,/a-contemp,2023-12-19 19:01:53.318925,2024-01-11 23:41:43.019
694,/laboratorio-de-calibracao,/calibracao,2023-12-19 19:01:53.327929,2024-01-11 23:41:43.019
695,/2022/04/12/defeitos-comuns-no-mau-uso-do-sensor-de-temperatura-industrial,https://blog.contemp.com.br/defeitos-comuns-no-mau-uso-do-sensor-de-temperatura-industrial,2023-12-19 19:01:53.339167,2024-01-11 23:41:43.019
696,/categoria-produto/potencia/reles-de-estado-solido-ssr,/category/RELÉS_DE_ESTADO_SÓLIDO_SSR,2023-12-19 19:01:53.347539,2024-01-11 23:41:43.019
697,/produto/instrumentos/controladores-de-temperatura-e-processo/c714-controlador-de-processos-linha-avancada,/produto/controlador_de_temperatura_e_processos_-_c714,2023-12-19 19:01:53.355916,2024-01-11 23:41:43.019
699,/produto/instrumentos/placas-controladoras-de-temperatura-e-processo/c130-controlador-de-temperatura,/produto/placa_controladora_-_c130,2023-12-19 19:01:53.37346,2024-01-20 17:45:07.466
700,/produto/instrumentos/transmissores-de-temperatura-trilho-din/s211-transmissor-de-temperatura-isolado-cabecote,/produto/transmissor_de_sinais_-_s211e,2023-12-19 19:01:53.383171,2024-01-20 17:45:24.902
701,/produto/instrumentos/controladores-de-temperatura-e-processo/c414-controlador-de-processos-linha-economica,/produto/controlador_de_temperatura_-_c414,2023-12-19 19:01:53.39168,2024-01-20 17:45:35.448
702,/produto/instrumentos/cta3-conversor-de-sinais-e-isolador-galvanico,/produto/transmissor_de_sinais_-_cta,2023-12-19 19:01:53.399363,2024-01-20 17:45:45.307
703,/produto/potencia/reles-de-estado-solido-ssr/cr1dc-rele-de-estado-solido-monofasico-comando-dc,/category/RELÉS_DE_ESTADO_SÓLIDO_SSR,2023-12-19 19:01:53.407719,2024-01-20 17:45:58.836
704,/produto/sensores/cabos-de-extensao-tc-tr/cabo-termorresistencia-3x24-awg,/category/cabos_de_extensão,2023-12-19 19:01:53.415483,2024-01-20 17:46:06.652
706,/produto/sensores/termopares/tccl-termopar-cabecote-e-tubo-protecao-ceramico-10mm-luva-metalica-85-mm,/category/TERMOPARES,2023-12-19 19:01:53.431657,2024-01-20 17:46:14.02
707,/produto/instrumentos/indicadores-de-temperatura-e-processo/i414-indicador-de-processos-linha-economica,/produto/indicador_de_processos_-_i414,2023-12-19 19:01:53.443424,2024-01-20 17:46:22.433
708,/2022/03/10/controladores-de-temperatura-o-que-sao,/controladores-de-temperatura-o-que-sao-2,2023-12-19 19:01:53.451795,2024-01-20 17:46:35.41
709,/produto/sensores/cabos-de-extensao-tc-tr/cabo-de-extensao-termopar-k-2x24-awg,/produto/cabo_extensão_tipo_k,2023-12-19 19:01:53.460321,2024-01-20 17:46:43.811
710,/produto/sensores/termopares/tmcm-termopar-mineral-conector-macho-standard,/category/TERMOPARES,2023-12-19 19:01:53.468539,2024-01-20 17:46:51.517
711,/2022/03/10/termopar-onde-utilizar,/termopar-onde-utilizar-2,2023-12-19 19:01:53.476934,2024-01-20 17:46:59.011
714,/produto/imageamento-termico-industrial/pirometros-fixos-optris-serie-alta-performance/csvideo-3m-pirometro-fixo-optris-para-metais,/produto/pirômetro_fixo_-_csvideo_3m_para_metal,2023-12-19 19:01:53.506385,2024-01-20 17:55:13.892
715,/produto/potencia/reles-de-estado-solido-ssr/cr1ac-rele-de-estado-solido-monofasico-comando-ac,/category/REL%C3%89S_DE_ESTADO_S%C3%93LIDO_SSR,2023-12-19 19:01:53.514683,2024-01-20 17:47:40.592
716,/produto/imageamento-termico-industrial/pirometros-fixos-optris-serie-compacta/ctlt-pirometro-fixo-optris-compacto-para-espacos-limitados,/category/PIR%C3%94METROS_FIXOS_OPTRIS,2023-12-19 19:01:53.523246,2024-01-20 17:47:50.86
717,/produto/potencia/controladores-de-potencia/p501-controlador-de-potencia-linha-avancada,/category/linha_avançada_-_p501,2023-12-19 19:01:53.531548,2024-01-20 17:48:04.388
718,/produto/sensores/cabos-de-extensao-tc-tr/cabo-de-extensao-termopar-t-2x24-awg,/category/TIPO_%22T%22,2023-12-19 19:01:53.539937,2024-01-20 17:48:13.388
719,/produto/instrumentos/contadores-e-temporizadores/k304-contador-e-totalizador,/produto/contador_-_k304,2023-12-19 19:01:53.548321,2024-01-20 17:48:21.967
720,/produto/potencia/controladores-de-potencia/p501-controlador-de-potencia-linha-desempenho,/category/linha_avançada_-_p501,2023-12-19 19:01:53.556078,2024-01-20 17:48:28.975
721,/produto/imageamento-termico-industrial/pirometros-fixos-optris-serie-compacta/cslt-pirometro-fixo-optris-para-fabricantes-de-maquinas,/produto/CSLT,2023-12-19 19:01:53.56581,2024-01-20 17:48:36.02
722,/produto/sensores/cabos-de-extensao-tc-tr/cabo-de-extensao-termopar-j-2x24-awg,/produto/cabo_extensão_tipo_j,2023-12-19 19:01:53.573492,2024-01-20 17:48:43.15
723,/produto/instrumentos/transmissores-de-umidade-e-temperatura/s501a-transmissor-de-temperatura-e-umidade,/produto/transmissor_de_temperatura_e_umidade_-_s501,2023-12-19 19:01:53.582618,2024-01-20 17:49:00.988
724,/produto/instrumentos/controladores-de-temperatura-e-processo/c719-controlador-de-temperatura-e-processos-linha-avancada,/produto/controlador_de_temperatura_e_processos_-_c719,2023-12-19 19:01:53.590293,2024-01-20 17:49:16.081
725,/2022/03/11/monitoramento-termico-na-transferencia-forno-panela,/category/controladores_de_processos,2023-12-19 19:01:53.598848,2024-01-20 17:49:27.377
726,/produto/instrumentos/registradores-graficos-e-insumos/phz1002-cabeca-impressora-phe9-phc-pha,/category/controladores_de_processos,2023-12-19 19:01:53.60782,2024-01-20 17:49:36.058
727,/produto/imageamento-termico-industrial/pirometros-fixos-optris-serie-alta-performance/ctlaser-4m-pirometro-fixo-optris-para-metais-oxidos-metais-e-ceramica,/produto/pirômetro_fixo_-_ctlaser_4m,2023-12-19 19:01:53.616178,2024-01-20 17:49:49.916
728,/produto/potencia/reles-de-estado-solido-ssr/cr3-linear-rele-de-estado-solido-trifasico-comando-linear-0a10v-ou-4a20ma,/produto/relé_de_estado_sólido_trifásico_-_cr3_ln,2023-12-19 19:01:53.624574,2024-01-20 17:50:04.724
729,/2022/03/10/cameras-de-infravermelho-optris,/category/cÂmeras_termogrÁficas_fixas,2023-12-19 19:01:53.63297,2024-01-20 17:50:10.547
730,/produto/instrumentos/transmissores-de-temperatura-cabecote-tc-tr/s201-transmissor-de-temperatura,/produto/transmissor_de_sinais_-_s202e,2023-12-19 19:01:53.641245,2024-01-20 17:50:17.625
731,/produto/potencia/controladores-de-potencia/p301-controlador-de-potencia,/category/linha_desempenho_-_p301,2023-12-19 19:01:53.649701,2024-01-20 17:50:24.209
732,/produto/instrumentos/placas-controladoras-de-temperatura-e-processo/etc-lcd-controlador-de-processos,/produto/placa_controladora_-_etc_lcd,2023-12-19 19:01:53.657461,2024-01-20 17:50:29.646
733,/produto/potencia/reles-de-estado-solido-ssr/cr3ac-rele-de-estado-solido-trifasico-comando-ac,/category/RELÉS_DE_ESTADO_SÓLIDO_SSR,2023-12-19 19:01:53.666571,2024-01-20 17:50:35.646
734,/produto/instrumentos/controladores-de-temperatura-e-processo/c715-controlador-de-processos-linha-avancada,/produto/controlador_de_temperatura_e_processos_-_c715,2023-12-19 19:01:53.676181,2024-01-20 17:50:41.193
735,/produto/instrumentos/indicadores-de-temperatura-e-processo/i716-linha-avancada-indicador-de-temperatura-e-processo,/produto/indicador_de_processos_-_i716,2023-12-19 19:01:53.684677,2024-01-20 17:50:46.715
736,/produto/instrumentos/transmissores-de-temperatura-cabecote-tc-tr/s222-transmissor-de-temperatura-trilho-din,/produto/S222TRANSMISSORDESINAIS-S222,2023-12-19 19:01:53.693068,2024-01-20 17:50:51.883
705,/produto/imageamento-termico-industrial/pirometros-fixos-optris-serie-alta-performance/ctlaser-05m-pirometro-fixo-optris-para-metais-e-metais-fundidos,/produto/pirômetro_fixo_-_ctlaser_g5,2023-12-19 19:01:53.423786,2024-01-20 17:53:28.316
713,/produto/sensores/cabos-de-extensao-tc-tr/cabo-de-compensacao-termopar-n-2x24-awg,"/produto/cabo_compensação__tipo_""n""",2023-12-19 19:01:53.495127,2024-01-20 17:54:20.201
737,/produto/instrumentos/contadores-e-temporizadores/t304-temporizador/,/produto/temporizador_-_t304,2023-12-19 19:01:53.701456,2024-01-11 23:41:43.019
738,/produto/instrumentos/controladores-de-temperatura-e-processo/c515-controlador-de-processos-linha-desempenho/,CONTROLADOR DE TEMPERATURA E PROCESSOS - C515,2023-12-19 19:01:53.710564,2024-01-11 23:41:43.019
739,/todos-os-produtos,/todosProdutos,2023-12-19 19:01:53.718901,2024-01-11 23:41:43.019
740,/categoria-produto/instrumentos/controladores-de-temperatura-e-processo,/category/controladores_de_processos,2023-12-19 19:01:53.726562,2024-01-11 23:41:43.019
741,/categoria-produto/sensores/termopares/,/category/TERMOPARES,2023-12-19 19:01:53.734928,2024-01-11 23:41:43.019
742,/produto/imageamento-termico-industrial/pirometros-fixos-optris-serie-compacta/ct-g5-pirometro-fixo-optris-para-vidro/,/produto/CT_G5_para_vidro,2023-12-19 19:01:53.7427,2024-01-11 23:41:43.019
743,/produto/instrumentos/conversores-digitais/d501-conversor-de-usb/,/produto/conversor_-_d501,2023-12-19 19:01:53.75051,2024-01-11 23:41:43.019
744,/produto/instrumentos/aquisitor-analogico-datalogger/a202-datalogger-8-canais-fundo-de-painel/,DATALOGGER 8 CANAIS - A202,2023-12-19 19:01:53.758833,2024-01-11 23:41:43.019
745,/produtos/c/controladores-e-indicadores-de-temperatura-e-processos/,/category/indicadores_de_processo,2023-12-19 19:01:53.767124,2024-01-11 23:41:43.019
746,/produtos/transmissores-de-pressao-relativa/transmissores-de-pressao-relativa/transmissor-de-pressao-relativa-ctp,/produto/transmissor_de_pressão_-_ctp,2023-12-19 19:01:53.775548,2024-01-11 23:41:43.019
747,/wp-content/uploads/2010/12/a202-menor.png,https://contemp.com.br,2023-12-19 19:01:53.783918,2024-01-11 23:41:43.019
748,/wp-content/uploads/TAML-METALICO.png,https://contemp.com.br,2023-12-19 19:01:53.792301,2024-01-11 23:41:43.019
749,/produtos/controladores-e-indicadores-de-temperatura-e-processos/,/category/controladores_de_processos,2023-12-19 19:01:53.800618,2024-01-11 23:41:43.019
750,/wp-content/themes/contemp/images/contemp-768.png,https://contemp.com.br,2023-12-19 19:01:53.809145,2024-01-11 23:41:43.019
751,/wp-content/uploads/2019/10/Contemp-Optris_CT_XL_3M_b.jpg,https://contemp.com.br,2023-12-19 19:01:53.828699,2024-01-11 23:41:43.019
752,/produto/data-logger/instalador-masterlogger-a202-v10-001-03/,https://contemp.com.br,2023-12-19 19:01:53.84213,2024-01-11 23:41:43.019
753,/wp-content/uploads/CDR-2022-SITE-1.png,https://contemp.com.br,2023-12-19 19:01:53.850392,2024-01-11 23:41:43.019
754,/wp-content/uploads/C714-Controlador-de-Temperatura-e-Processos-Contemp-Linha-Avancada.png,https://contemp.com.br,2023-12-19 19:01:53.860254,2024-01-11 23:41:43.019
755,/2022/10/12/write-my-essay-online/,https://contemp.com.br,2023-12-19 19:01:53.868486,2024-01-11 23:41:43.019
756,/wp-content/uploads/OAC-Rele-de-Estado-Solido-Monofasico-Comando-AC.png,https://contemp.com.br,2023-12-19 19:01:53.877672,2024-01-11 23:41:43.019
757,/wp-content/uploads/2010/12/fotod501.png,https://contemp.com.br,2023-12-19 19:01:53.886054,2024-01-11 23:41:43.019
758,/produtos/aquisitores-registradores-sistemas-supervisorios/registradores-com-papel/registrador-grafico-pha,/produto/AQUISITOR_DE_DADOS,2023-12-19 19:01:53.897154,2024-01-11 23:41:43.019
759,/wp-content/plugins/webp-express/test/test-pattern-tv.jpg,/todosProdutos,2023-12-19 19:01:53.909681,2024-01-11 23:41:43.019
760,/wp-content/uploads/2017/06/D501-F.jpg,https://contemp.com.br,2023-12-19 19:01:53.918133,2024-01-11 23:41:43.019
761,/wp-content/uploads/2012/04/Contemp-P501-1.jpg,https://contemp.com.br,2023-12-19 19:01:53.925967,2024-01-11 23:41:43.019
762,/ukzzv-17538-procesador-SLGTE-Intel-Core-Duo-E7500,https://contemp.com.br,2023-12-19 19:01:53.950175,2024-01-11 23:41:43.019
763,/allProduct,/todosProdutos,2023-12-19 19:01:53.958685,2024-01-11 23:41:43.019
764,/logo-assinaturas-emails.png,/api/arquivos/assinatura-contemp.png,2023-12-19 19:01:53.966326,2024-01-11 23:41:43.019
765,/cjbeewii-154907-DTAP-pour-câble-de-montage-DSLR-Utilisation-de/,/todosProdutos,2023-12-19 19:01:53.975433,2024-01-11 23:41:43.019
766,/lhnab-3642-quilates-ohrhänger-pendiente-Aretes-chysopras/,/todosProdutos,2023-12-19 19:01:53.984564,2024-01-11 23:41:43.019
767,/pjnawf-897229-combustible-de-gasolina-Anillo-de-Retención-Correa-Ajuste-Para-Volvo/,/todosProdutos,2023-12-19 19:01:53.992924,2024-01-11 23:41:43.019
768,/vlwkiydh-564950-de-dígitos-descodificar-Land-Rover-Discovery/,/todosProdutos,2023-12-19 19:01:54.000712,2024-01-11 23:41:43.019
769,/vozvnobt-920779-eliminaciónEliminador-de-HICAS-con-Superpro-Arbustos-Para-Horizonte-R-GTR/,/todosProdutos,2023-12-19 19:01:54.009698,2024-01-11 23:41:43.019
770,/wp-content/uploads/2022/02/C71X_V1.05-REV.03.pdf,/category/LINHA_AVAN%C3%87ADA_-_C71X,2023-12-19 19:01:54.018809,2024-01-11 23:41:43.019
771,/produto/instrumentos/controladores-de-temperatura-e-processo/c714-controlador-de-processos-linha-avancada/,/produto/CONTROLADOR_DE_TEMPERATURA_E_PROCESSOS_-_C714,2023-12-19 19:01:54.02723,2024-01-11 23:41:43.019
772,/wp-content/uploads/2022/02/C41X_V1.05-REV.2-1.pdf,/category/LINHA_ECON%C3%94MICA_-_C41X,2023-12-19 19:01:54.035623,2024-01-11 23:41:43.019
773,/produto/potencia/controladores-de-potencia/p501-controlador-de-potencia-linha-avancada,/category/CONTROLADORES_DE_POT%C3%8ANCIA,2023-12-19 19:01:54.043955,2024-01-11 23:41:43.019
774,/produto/optris-ctratio-1m/,/category/CÂMERAS_TERMOGRÁFICAS_FIXAS,2023-12-19 19:01:54.051678,2024-01-11 23:41:43.019
775,/produto/FONTE_-__F401_-_24V/60W,/produto/FONTE_-__F401_-_24V%7C%7C60W,2023-12-19 19:01:54.06012,2024-01-11 23:41:43.019
776,/produto/COMPENSA%C3%87%C3%83O_TIPO_%22S/R%22,/produto/CABO_COMPENSA%C3%87%C3%83O_TIPO_%22S%7C%7CR%22,2023-12-19 19:01:54.06784,2024-01-11 23:41:43.019
777,/produto/CABO_TERMORRESIST%C3%8ANCIA_-_3X24_AWG_TEFLON_/_TEFLON,/produto/CABO_TERMORRESISTÊNCIA_-_3X24_AWG_TEFLON_%7C%7C_TEFLON,2023-12-19 19:01:54.077211,2024-01-11 23:41:43.019
778,/produto/CABO_TERMORRESIST%C3%8ANCIA_-_3x24_AWG_SILICONE_/_SILICONE,/produto/CABO_TERMORRESISTÊNCIA_-_3x24_AWG_SILICONE_%7C%7C_SILICONE,2023-12-19 19:01:54.085959,2024-01-11 23:41:43.019
779,/produto/CABO_TERMORRESIST%C3%8ANCIA_-_6X14_AWG_-_TEFLON/TEFLON,/produto/CABO_TERMORRESISTÊNCIA_-_6X14_AWG_-_TEFLON%7C%7CTEFLON,2023-12-19 19:01:54.093757,2024-01-11 23:41:43.019
780,/categoria-produto/sensores/termopares,/category/TERMOPARES,2023-12-19 19:01:54.102669,2024-01-11 23:41:43.019
781,/solicitar-orcamento,/orcamento,2023-12-19 19:01:54.112022,2024-01-11 23:41:43.019
782,/categoria-produto/imageamento-termico-industrial/cameras-termograficas-optris-linha-automacao,/category/CÂMERAS_TERMOGRÁFICAS_FIXAS,2023-12-19 19:01:54.122923,2024-01-11 23:41:43.019
783,/category/CONTADOR_/_TEMPORIZADOR_/_VELOC%C3%8DMETRO,/category/CONTADOR_%7C%7C_TEMPORIZADOR_%7C%7C_VELOCÍMETRO,2023-12-19 19:01:54.130828,2024-01-11 23:41:43.019
784,/catalogo_optris,/category/C%C3%82MERAS_TERMOGR%C3%81FICAS_FIXAS#viewCategory,2023-12-19 19:01:54.139108,2024-01-11 23:41:43.019
785,/produto/instrumentos/controladores-de-temperatura-e-processo/c719-controlador-de-temperatura-e-processos-linha-avancada/,/produto/CONTROLADOR_DE_TEMPERATURA_E_PROCESSOS_-_C719,2023-12-19 19:01:54.148179,2024-01-11 23:41:43.019
786,/produto/imageamento-termico-industrial/pirometros-fixos-optris-serie-compacta/ct-1m-2m-pirometro-fixo-optris-para-metais-oxidos-metais-e-ceramica/,/category/PIRÔMETROS_INFRAVERMELHOS_FIXOS,2023-12-19 19:01:54.156687,2024-01-11 23:41:43.019
787,/categoria-produto/instrumentos/,https://contemp.com.br/,2023-12-19 19:01:54.164907,2024-01-11 23:41:43.019
788,/wp-content/uploads/2022/02/C51X_V1.05-REV.2-1.pdf,/category/LINHA_DESEMPENHO_-_C51X,2023-12-19 19:01:54.173292,2024-01-11 23:41:43.019
789,/wp-content/uploads/2022/02/S501_V1.05-REV.12.pdf,/category/LINHA_DESEMPENHO_-_C51X,2023-12-19 19:01:54.181019,2024-01-11 23:41:43.019
790,/downloads/pdf/Manual,https://www.contemp.com.br/,2023-12-19 19:01:54.190802,2024-01-11 23:41:43.019
791,/wp-content/uploads/2022/02/C41X_V1.05-REV.2.pdf,/category/LINHA_ECONÔMICA_-_C41X,2023-12-19 19:01:54.199184,2024-01-11 23:41:43.019
792,/wp-content/uploads/2022/02/KT507-Manual-do-Produto.pdf,"/produto/CONTADOR,_TEMPORIZADOR_E_VELOCÍMETRO_-_KT507",2023-12-19 19:01:54.211817,2024-01-11 23:41:43.019
793,/categoria-produto/imageamento-termico-industrial/pirometros-portateis-infravermelho/,/category/PIRÔMETROS_PORTÁTEIS,2023-12-19 19:01:54.220869,2024-01-11 23:41:43.019
794,/produto/instrumentos/contadores-e-temporizadores/k304-contador-e-totalizador/,/produto/CONTADOR_-_K304,2023-12-19 19:01:54.22928,2024-01-11 23:41:43.019
795,/wp-content/uploads/2022/02/ETC-Lcd-Manual-do-Produto.pdf,/category/PLACAS_CONTROLADORAS,2023-12-19 19:01:54.238457,2024-01-11 23:41:43.019
796,/produto/instrumentos/controladores-de-temperatura-e-processo/c417-controlador-de-temperatura-linha-economica/,/produto/CONTROLADOR_DE_TEMPERATURA_-_C417,2023-12-19 19:01:54.246776,2024-01-11 23:41:43.019
855,/categoria-produto/instrumentos/placas-controladoras-de-temperatura-e-processo,/category/controladores_de_processos,2023-12-19 19:01:54.829378,2024-01-11 23:41:43.019
797,/produto/imageamento-termico-industrial/pirometros-fixos-optris-serie-compacta/cslt-pirometro-fixo-optris-para-fabricantes-de-maquinas/,/category/PIRÔMETROS_INFRAVERMELHOS_FIXOS,2023-12-19 19:01:54.254571,2024-01-11 23:41:43.019
798,/produto/potencia/reles-de-estado-solido-ssr/cr3-linear-rele-de-estado-solido-trifasico-comando-linear-0a10v-ou-4a20ma/,/category/RELÉS_DE_ESTADO_SÓLIDO_SSR,2023-12-19 19:01:54.263538,2024-01-11 23:41:43.019
799,/produtos/controladores-e-indicadores-de-,/category/CONTROLADORES_DE_PROCESSOS,2023-12-19 19:01:54.276152,2024-01-11 23:41:43.019
800,/produto/imageamento-termico-industrial/pirometros-fixos-optris-serie-alta-performance/ctlaser-f2-pirometro-fixo-optris-para-medicao-em-chamas-co2/,/category/PIRÔMETROS_INFRAVERMELHOS_FIXOS,2023-12-19 19:01:54.283937,2024-01-11 23:41:43.019
801,/wp-content/uploads/2015/12/A502_view.pdf,/produto/AQUISITOR_DE_DADOS_ANALÓGICOS_-_A502,2023-12-19 19:01:54.292304,2024-01-11 23:41:43.019
802,/produto/instrumentos/controladores-de-temperatura-e-processo/c719-controlador-de-temperatura-e-processos-linha-avancada/,/produto/CONTROLADOR_DE_TEMPERATURA_E_PROCESSOS_-_C719,2023-12-19 19:01:54.29991,2024-01-11 23:41:43.019
803,/produto/imageamento-termico-industrial/pirometros-fixos-optris-serie-compacta/ct-1m-2m-pirometro-fixo-optris-para-metais-oxidos-metais-e-ceramica/,/category/COMPACTA_-_OPTRIS,2023-12-19 19:01:54.309031,2024-01-11 23:41:43.019
804,/categoria-produto/instrumentos/,https://www.contemp.com.br/,2023-12-19 19:01:54.318171,2024-01-11 23:41:43.019
805,/wp-content/uploads/2022/02/C51X_V1.05-REV.2-1.pdf,/category/LINHA_DESEMPENHO_-_C51X,2023-12-19 19:01:54.326542,2024-01-11 23:41:43.019
806,/wp-content/uploads/2022/02/S501_V1.05-REV.12.pdf,/produto/TRANSMISSOR_DE_TEMPERATURA_E_UMIDADE_-_S501,2023-12-19 19:01:54.335721,2024-01-11 23:41:43.019
807,/produto/sensores/termopares/tccl-termopar-cabecote-e-tubo-protecao-ceramico-10mm-luva-metalica-85-mm/,/category/TERMOPARES,2023-12-19 19:01:54.347528,2024-01-11 23:41:43.019
808,/produto/instrumentos/contadores-e-temporizadores/t304-temporizador/,/produto/TEMPORIZADOR_-_T304,2023-12-19 19:01:54.355864,2024-01-11 23:41:43.019
809,/wp-content/uploads/2022/02/C41X_V1.05-REV.2.pdf,/category/LINHA_ECONÔMICA_-_C41X,2023-12-19 19:01:54.365043,2024-01-11 23:41:43.019
810,/wp-content/uploads/2022/02/KT507-Manual-do-Produto.pdf,"/produto/CONTADOR,_TEMPORIZADOR_E_VELOCÍMETRO_-_KT507",2023-12-19 19:01:54.375557,2024-01-11 23:41:43.019
811,/categoria-produto/imageamento-termico-industrial/pirometros-portateis-infravermelho/,/category/PIRÔMETROS_INFRAVERMELHOS_FIXOS,2023-12-19 19:01:54.38744,2024-01-11 23:41:43.019
812,/produto/instrumentos/controladores-de-temperatura-e-processo/c417-controlador-de-temperatura-linha-economica/,/produto/CONTROLADOR_DE_TEMPERATURA_-_C417,2023-12-19 19:01:54.39754,2024-01-11 23:41:43.019
813,/produto/imageamento-termico-industrial/pirometros-fixos-optris-serie-compacta/cslt-pirometro-fixo-optris-para-fabricantes-de-maquinas/,/category/PIRÔMETROS_INFRAVERMELHOS_FIXOS,2023-12-19 19:01:54.406917,2024-01-11 23:41:43.019
814,/produto/potencia/reles-de-estado-solido-ssr/cr3-linear-rele-de-estado-solido-trifasico-comando-linear-0a10v-ou-4a20ma/,/category/RELÉS_DE_ESTADO_SÓLIDO_SSR,2023-12-19 19:01:54.416819,2024-01-11 23:41:43.019
815,/produto/sensores/cabos-de-extensao-tc-tr/cabo-termorresistencia-3x24-awg/,/produto/CABO_TERMORRESISTÊNCIA_-_3x24_AWG_SILICONE_%7C%7C_SILICONE,2023-12-19 19:01:54.430793,2024-01-11 23:41:43.019
816,/produtos/sem-categoria/,https://www.contemp.com.br,2023-12-19 19:01:54.439171,2024-01-11 23:41:43.019
817,/eventos/,https://www.contemp.com.br,2023-12-19 19:01:54.447538,2024-01-11 23:41:43.019
818,/wp-content/uploads/2022/02/CR1PT-Manual-do-Produto.pdf,/category/RELÉS_DE_ESTADO_SÓLIDO_SSR,2023-12-19 19:01:54.462983,2024-01-11 23:41:43.019
819,/wp-content/uploads/2010/12/Cross_Reference_2009____.pdf,https://www.contemp.com.br,2023-12-19 19:01:54.48398,2024-01-11 23:41:43.019
820,/wp-sitemap.xml,sitemap.xml,2023-12-19 19:01:54.494416,2024-01-11 23:41:43.019
821,/wp-content/uploads/2012/03/Manual-C304_C404_C407_C409.pdf,/produto/CONTROLADOR_DE_TEMPERATURA_-_C404,2023-12-19 19:01:54.503494,2024-01-11 23:41:43.019
822,/produto/sensores/cabos-de-extensao-tc-tr/cabo-de-extensao-termopar-k-2x24-awg/,/category/CABOS_TERMOPARES,2023-12-19 19:01:54.512542,2024-01-11 23:41:43.019
823,/produto/controlador-de-processos/c702_v1-02-rev-01/,/produto/CONTROLADOR_DE_TEMPERATURA_E_PROCESSOS_-_C702,2023-12-19 19:01:54.523862,2024-01-11 23:41:43.019
824,/produto/imageamento-termico-industrial/pirometros-portateis-infravermelho/msplus-lt-termometro-portatil-optris/,/category/LINHA_PERFORMANCE_-_OPTRIS,2023-12-19 19:01:54.53292,2024-01-11 23:41:43.019
825,/wp-content/uploads/2022/02/C71X_V1.05-REV.03-2-1.pdf,/category/LINHA_AVANÇADA_-_C71X,2023-12-19 19:01:54.541279,2024-01-11 23:41:43.019
826,/downloads/pdf/CTM45_view.pdf,/produto/CONTROLADOR_DE_TEMPERATURA_E_PROCESSOS_-_CTM45,2023-12-19 19:01:54.550981,2024-01-11 23:41:43.019
827,/arquivos/temnacontemp.pdf,/api/arquivos/temnacontemp.pdf,2023-12-19 19:01:54.561488,2024-01-11 23:41:43.019
828,/categoria-produto/imageamento-termico-industrial/pirometros-fixos-optris-serie-alta-performance,/category/LINHA_PERFORMANCE_-_OPTRIS,2023-12-19 19:01:54.572751,2024-01-11 23:41:43.019
829,/categoria-produto/instrumentos/contadores-e-temporizadores,/category/contadores_e_temporizadores,2023-12-19 19:01:54.581758,2024-01-11 23:41:43.019
830,/termopares,/category/TERMOPARES,2023-12-19 19:01:54.593041,2024-01-11 23:41:43.019
831,/termopares-termorresistores-na-contemp,/category/TERMORRESISTENCIAS,2023-12-19 19:01:54.601391,2024-01-11 23:41:43.019
832,/pt-100,/category/TERMORRESISTENCIAS,2023-12-19 19:01:54.609769,2024-01-11 23:41:43.019
834,/produtos/cameras-termicas-fixas,/category/CÂMERAS_TERMOGRÁFICAS_FIXAS,2023-12-19 19:01:54.628026,2024-01-11 23:41:43.019
835,/pirometros-fixos-infravermelho-contemp,/category/PIRÔMETROS_INFRAVERMELHOS_FIXOS,2023-12-19 19:01:54.636383,2024-01-11 23:41:43.019
836,/categoria-produto/imageamento-termico-industrial/pirometros-portateis-infravermelho,/category/PIRÔMETROS_INFRAVERMELHOS_FIXOS,2023-12-19 19:01:54.644781,2024-01-11 23:41:43.019
837,/categoria-produto/monitoramento-termico#shop,/category/CÂMERAS_TERMOGRÁFICAS_FIXAS,2023-12-19 19:01:54.657974,2024-01-11 23:41:43.019
838,/pirometros,/category/PIRÔMETROS_INFRAVERMELHOS_FIXOS,2023-12-19 19:01:54.666447,2024-01-11 23:41:43.019
839,/pirometros/infravermelho,/category/PIRÔMETROS_INFRAVERMELHOS_FIXOS,2023-12-19 19:01:54.674905,2024-01-11 23:41:43.019
840,/sensores/ir,/category/SENSORES,2023-12-19 19:01:54.682534,2024-01-11 23:41:43.019
841,/category/PIRÔMETROS_FIXOS_OPTRIS,/category/PIRÔMETROS_INFRAVERMELHOS_FIXOS,2023-12-19 19:01:54.693056,2024-01-11 23:41:43.019
842,/category/PIR%C3%94METROS_FIXOS_OPTRIS,/category/PIRÔMETROS_INFRAVERMELHOS_FIXOS,2023-12-19 19:01:54.700753,2024-01-11 23:41:43.019
843,/category/TERMOPAR,/category/TERMOPARES,2023-12-19 19:01:54.70924,2024-01-11 23:41:43.019
844,/category/CONTADOR_%7C_TEMPORIZADOR_%7C_VELOC%C3%8DMETRO,"/category/contador,_temporizador_,_velocÍmetro",2023-12-19 19:01:54.717536,2024-01-11 23:41:43.019
845,/temporizadores/contadores/,"/category/contador,_temporizador_,_velocÍmetro",2023-12-19 19:01:54.736607,2024-01-11 23:41:43.019
846,/categoria-produto/controladores-de-potencia,/category/controladores_de_potência,2023-12-19 19:01:54.744781,2024-01-11 23:41:43.019
847,/produtos/termovisores-flir-portateis-e-fixos/portateis/----termometro-ir-flir-tg165,/category/pirômetros_infravermelhos_fixos,2023-12-19 19:01:54.755295,2024-01-11 23:41:43.019
848,/categoria-produto/controlador-de-potencia-e-reles-de-estado-solido,/category/controladores_de_potência,2023-12-19 19:01:54.76306,2024-01-11 23:41:43.019
849,/categoria-produto/sensores-infravermelhos,/category/sensores,2023-12-19 19:01:54.776959,2024-01-11 23:41:43.019
850,/termopares-e-termoresistencias,/category/termopares,2023-12-19 19:01:54.787402,2024-01-11 23:41:43.019
851,/controladores-temperatura-processo-contemp,/category/controladores_de_processos,2023-12-19 19:01:54.795156,2024-01-11 23:41:43.019
852,/fabricacao-de-termopares,/category/termopares,2023-12-19 19:01:54.804247,2024-01-11 23:41:43.019
853,/termometros-e-cameras-infravermelho,/category/cÂmeras_termogrÁficas_fixas,2023-12-19 19:01:54.812684,2024-01-11 23:41:43.019
854,/categoria-produto/instrumentos/ihm-interface-contemp,/category/ihm_-_interface,2023-12-19 19:01:54.821904,2024-01-11 23:41:43.019
856,/categoria-produto/instrumentos/indicadores-de-temperatura-e-processo,/category/controladores_de_processos,2023-12-19 19:01:54.837785,2024-01-11 23:41:43.019
857,/controladores/potencia,/category/controladores_de_potência,2023-12-19 19:01:54.845528,2024-01-11 23:41:43.019
858,/produto/rele-de-estado-solido-ssr-monofasico-cr1dc/,/category/relés_de_estado_sólido_ssr,2023-12-19 19:01:54.853914,2024-01-11 23:41:43.019
859,/category/CONTROLADORES_DE_TEMPERATURA_E_PROCESSOS,/category/controladores_de_processos,2023-12-19 19:01:54.861662,2024-01-11 23:41:43.019
860,/produtos/termometros-digitais-e-infravermelhos,/category/pirÔmetros_infravermelhos_fixos,2023-12-19 19:01:54.870677,2024-01-11 23:41:43.019
861,/c/temporizadores-contadores-e-encoders/temporizadores-e-contadores,/category/contadores_e_temporizadores,2023-12-19 19:01:54.878357,2024-01-11 23:41:43.019
862,/produtos/c/temporizadores-contadores-e-encoders,/category/contadores_e_temporizadores,2023-12-19 19:01:54.887541,2024-01-11 23:41:43.019
863,/produto/KT504,"/produto/contador,_temporizador_e_veloc%C3%ADmetro_-_kt504",2023-12-19 19:01:54.89665,2024-01-11 23:41:43.019
864,/produtos/aquisitores-de-dados-e-sistemas-supervisorios,/category/aquisitores,2023-12-19 19:01:54.904228,2024-01-11 23:41:43.019
865,/produtos/controladores-de-potencia-e-reles-de-estado-solido/controlador-de-potencia-microprocessado-p501,/category/relés_de_estado_sólido_ssr,2023-12-19 19:01:54.912728,2024-01-11 23:41:43.019
866,/produtos/c/controladores-de-potencia-e-reles-de-estado-solido,/category/relés_de_estado_sólido_ssr,2023-12-19 19:01:54.921826,2024-01-11 23:41:43.019
867,/produtos/controladores-de-potencia-e-reles-de-estado-solido/reles-de-estado-solido-ssr,/category/relés_de_estado_sólido_ssr,2023-12-19 19:01:54.931536,2024-01-11 23:41:43.019
868,/produtos/controladores-e-indicadores-de-temperatura-e-processos/indicadores-de-temperatura-e-processos,/category/controladores_de_processos,2023-12-19 19:01:54.939901,2024-01-11 23:41:43.019
869,/produtos/c/controladores-e-indicadores-de-temperatura-e-processos,/category/controladores_de_processos,2023-12-19 19:01:54.947629,2024-01-11 23:41:43.019
870,/produtos/registradores-graficos-de-temperatura-e-processos,/category/controladores_de_processos,2023-12-19 19:01:54.955273,2024-01-11 23:41:43.019
871,/produtos/temporizadores-contadores-e-encoders,/category/contadores_e_temporizadores,2023-12-19 19:01:54.963024,2024-01-11 23:41:43.019
872,/produtos/transmissores-conversores-e-isoladores-de-sinais/transmissores-de-sinais,/category/transmissores_e_conversores,2023-12-19 19:01:54.97076,2024-01-11 23:41:43.019
873,/produtos/transmissores-conversores-e-isoladores-de-sinais/conversores-de-sinais,/category/transmissores_e_conversores,2023-12-19 19:01:54.978446,2024-01-11 23:41:43.019
874,/produtos/transmissores-de-temperatura-e-umidade,/category/transmissores_e_conversores,2023-12-19 19:01:54.987509,2024-01-11 23:41:43.019
875,/produtos/c/transmissores-conversores-e-isoladores-de-sinais,/category/transmissores_e_conversores,2023-12-19 19:01:54.996032,2024-01-11 23:41:43.019
876,/produtos/registradores-graficos-de-temperatura-e-processos/registradores-sem-papel/registrador-grafico-sem-papel-phl,/category/controladores_de_processos,2023-12-19 19:01:55.004291,2024-01-11 23:41:43.019
877,/produtos/termopares-e-termorresistencias,/category/termorresistencias,2023-12-19 19:01:55.011979,2024-01-11 23:41:43.019
878,/produtos/controladores-e-indicadores-de-temperatura-e-processos/controladores-para-sinais-especiais/voltimetro-e-amperimetro-digital--ccm44,/category/transmissores_de_sinais,2023-12-19 19:01:55.022412,2024-01-11 23:41:43.019
879,/produtos/temporizadores-contadores-e-tacometros,/category/contadores_e_temporizadores,2023-12-19 19:01:55.036856,2024-01-11 23:41:43.019
880,/produtos/controladores-de-potencia-e-reles-de-estado-solido,/category/relés_de_estado_sólido_ssr,2023-12-19 19:01:55.044649,2024-01-11 23:41:43.019
881,/produtos/transmissores-conversores-e-isoladores-de-sinais,/category/transmissores_e_conversores,2023-12-19 19:01:55.053035,2024-01-11 23:41:43.019
882,/produtos/controladores-de-potencia-e-reles-de-estado-solido/reles-de-estado-solido-ssr/rele-de-estado-solido-ssr-trifasico-cr3,/category/relés_de_estado_sólido_ssr,2023-12-19 19:01:55.060875,2024-01-11 23:41:43.019
883,/produtos/controladores-de-potencia-e-reles-de-estado-solido/reles-de-estado-solido-ssr/,/category/relés_de_estado_sólido_ssr,2023-12-19 19:01:55.069158,2024-01-11 23:41:43.019
884,/produtos/termopares-e-termorresistencias/,/category/termorresistencias,2023-12-19 19:01:55.076865,2024-01-11 23:41:43.019
885,/produtos/temporizadores-contadores-e-tacometros/,/category/contadores_e_temporizadores,2023-12-19 19:01:55.084671,2024-01-11 23:41:43.019
886,/produtos/aquisitores-de-dados-e-sistemas-supervisorios/,/category/aquisitores,2023-12-19 19:01:55.092911,2024-01-11 23:41:43.019
887,/produtos/aquisitores-de-dados-e-sistemas-supervisorios/aquisitores-de-dados/data-logger-8-canais-a202-com-software-masterlogger,/category/aquisitores,2023-12-19 19:01:55.10067,2024-01-11 23:41:43.019
888,/produtos/aquisitores-de-dados-e-sistemas-supervisorios/softwares-supervisorios/,/category/aquisitores,2023-12-19 19:01:55.1094,2024-01-11 23:41:43.019
889,/produtos/aquisitores-de-dados-e-sistemas-supervisorios/softwares-supervisorios/sistema-supervisorio-para-tratamento-termico---contempview-cqi-9,/category/aquisitores,2023-12-19 19:01:55.117419,2024-01-11 23:41:43.019
890,/produtos/controladores-de-potencia-e-reles-de-estado-solido/,/category/relés_de_estado_sólido_ssr,2023-12-19 19:01:55.125113,2024-01-11 23:41:43.019
891,/produtos/controladores-de-potencia-e-reles-de-estado-solido/modulos-de-potencia-tiristorizados/,/category/relés_de_estado_sólido_ssr,2023-12-19 19:01:55.132797,2024-01-11 23:41:43.019
892,/produtos/controladores-e-indicadores-de-temperatura-e-processos/controladores-de-temperatura-e-processos/,/category/controladores_de_processos,2023-12-19 19:01:55.141135,2024-01-11 23:41:43.019
893,/produtos/controladores-e-indicadores-de-temperatura-e-processos/indicadores-de-temperatura-e-processos/,/category/controladores_de_processos,2023-12-19 19:01:55.149517,2024-01-11 23:41:43.019
894,/produtos/registradores-graficos-de-temperatura-e-processos/,/category/controladores_de_processos,2023-12-19 19:01:55.160833,2024-01-11 23:41:43.019
895,/produtos/registradores-graficos-de-temperatura-e-processos/maleta-para-aquisicao-de-dados-em-campo/maleta-para-aquisicao-de-dados-em-campo,/category/controladores_de_processos,2023-12-19 19:01:55.169168,2024-01-11 23:41:43.019
896,/produtos/sensores-de-temperatura-infravermelhos/,/category/pirÔmetros_infravermelhos_fixos,2023-12-19 19:01:55.176749,2024-01-11 23:41:43.019
897,/produtos/temporizadores-contadores-e-tacometros/temporizadores-contadores-tacometros/,/category/temporizador,2023-12-19 19:01:55.185267,2024-01-11 23:41:43.019
898,/produtos/termometros-digitais-e-infravermelhos/,/category/pirÔmetros_infravermelhos_fixos,2023-12-19 19:01:55.194268,2024-01-11 23:41:43.019
899,/produtos/termometros-digitais-e-infravermelhos/termometros-infravermelhos-portateis/termometro-infravermelho-ut303c,/category/pirÔmetros_infravermelhos_fixos,2023-12-19 19:01:55.202651,2024-01-11 23:41:43.019
900,/produtos/termopares-e-termorresistencias/termopares-termorresistencias-cabos-e-acessorios/cabos-de-compensacao-e-extensao,/category/cabos_de_extensão,2023-12-19 19:01:55.211143,2024-01-11 23:41:43.019
901,/produtos/termopares-e-termorresistencias/termopares-termorresistencias-cabos-e-acessorios/termopar-tipo-k,/category/cabos_de_extensão,2023-12-19 19:01:55.2196,2024-01-11 23:41:43.019
902,/produtos/termopares-e-termorresistencias/termopares-termorresistencias-cabos-e-acessorios/termorresistencias-pt-100,/category/termorresistencias,2023-12-19 19:01:55.228005,2024-01-11 23:41:43.019
903,/produtos/transmissores-conversores-e-isoladores-de-sinais/,/category/transmissores_de_sinais,2023-12-19 19:01:55.240568,2024-01-11 23:41:43.019
904,/produtos/transmissores-conversores-e-isoladores-de-sinais/transmissores-de-sinais/,/category/transmissores_de_sinais,2023-12-19 19:01:55.248906,2024-01-11 23:41:43.019
905,/produtos/transmissores-de-temperatura-e-umidade/,/category/transmissores_de_temperatura_e_umidade,2023-12-19 19:01:55.257932,2024-01-11 23:41:43.019
906,/produtos/transmissores-de-temperatura-e-umidade/sensores-de-umidade-e-temperatura/transmissor-de-umidade-e-temperatura-para-duto-s501,/category/transmissores_de_temperatura_e_umidade,2023-12-19 19:01:55.265664,2024-01-11 23:41:43.019
907,/produtos/aquisitores-registradores-sistemas-supervisorios/aquisitores-de-dados-8-canais/aquisitor-de-dados-a202-com-software-masterlogger,/category/aquisitores,2023-12-19 19:01:55.274056,2024-01-11 23:41:43.019
908,/produtos/sistemas-supervisorios-contempview-full,/category/controladores_de_processos,2023-12-19 19:01:55.281812,2024-01-11 23:41:43.019
909,/produtos/aquisitores-registradores-sistemas-supervisorios/,/category/aquisitores,2023-12-19 19:01:55.289393,2024-01-11 23:41:43.019
910,/produtos/conversor-rs485-rs232-e-vice-versa,/category/transmissores_e_conversores,2023-12-19 19:01:55.29778,2024-01-11 23:41:43.019
911,/produtos/aquisitores-de-dados,/category/aquisitores,2023-12-19 19:01:55.306365,2024-01-11 23:41:43.019
912,/produtos/registradores-graficos-com-papel,/category/controladores_de_processos,2023-12-19 19:01:55.313952,2024-01-11 23:41:43.019
913,/produtos/reles-ssr-estado-solido-monofasicos,/category/relés_de_estado_sólido_ssr,2023-12-19 19:01:55.323035,2024-01-11 23:41:43.019
914,/produtos/controladores-de-potencia-tiristorizados-cargas-resistivas,/category/controladores_de_potÊncia,2023-12-19 19:01:55.330658,2024-01-11 23:41:43.019
915,/produtos/controladores-microprocessados-universais,/category/controladores_de_processos,2023-12-19 19:01:55.339165,2024-01-11 23:41:43.019
916,/produtos/transmissor-de-sinal-de-temperatura-para-cabecote,/category/transmissores_de_sinais,2023-12-19 19:01:55.347553,2024-01-11 23:41:43.019
917,/produtos/ihms-industriais-risc,/category/ihm_-_interface,2023-12-19 19:01:55.355907,2024-01-11 23:41:43.019
918,/produtos/indicadores-microprocessados-universais/,/category/indicadores_de_processo,2023-12-19 19:01:55.363478,2024-01-11 23:41:43.019
919,/produtos/termometros-infravermelhos-portateis,/category/pirÔmetros_infravermelhos_fixos,2023-12-19 19:01:55.37264,2024-01-11 23:41:43.019
920,/fabricacao-de-termopares/,/category/termopares,2023-12-20 13:06:03.661924,2024-01-11 23:41:43.019
922,/produto/C714,/produto/controlador_de_temperatura_e_processos_-_c714,2023-12-27 12:41:40.857529,2024-01-11 23:41:43.019
921,/produtos/c/termopares-e-termorresistencias,/category/sensores,2023-12-20 19:42:44.433085,2024-01-11 23:41:43.019
923,/produto/h401,"/produto/ihm_-_h401_7""_ethernet_-_ftp_-_modbus_-_tcp",2023-12-29 13:14:03.936129,2024-01-11 23:41:43.019
712,/produto/potencia/controladores-de-potencia/p501-controlador-de-potencia-linha-avancada-duas-fases-300a,/category/linha_avançada_-_p501,2023-12-19 19:01:53.486084,2024-01-20 17:47:07.053
698,/2022/04/12/sensor-pt-100-como-ele-auxilia-os-processos-da-sua-industria,https://blog.contemp.com.br/sensor-pt-100-como-ele-auxilia-os-processos-da-sua-industria/,2023-12-19 19:01:53.364286,2024-01-20 17:44:46.797
926,/category/software_-_contemp_bridge,/produto/software_-_contemp_bridge,2024-01-24 19:05:07.586,2024-01-24 19:05:07.586
927,/category/software_-_contemp_connect,/produto/software_gratuito_-_contemp_connect,2024-01-24 19:06:44.21,2024-01-24 19:06:44.21
928,/category/software_gratuito_-_contemp_connect,/produto/software_gratuito_-_contemp_connect,2024-01-24 19:07:06.835,2024-01-24 19:07:06.835
929,/category/software_gratuito_-_s200_connect,/produto/software_gratuito_-_s200_connect,2024-01-24 19:07:34.042,2024-01-24 19:07:34.042
930,/category/software_gratuito_-_contemp_tools,/produto/software_gratuito_-_contemp_tools,2024-01-24 19:08:04.135,2024-01-24 19:08:04.135
931,/category/software_-_contemp_report,/produto/software_-_contemp_report,2024-01-24 19:08:25.037,2024-01-24 19:08:25.037
932,/wp-content/uploads/2015/04/Catalogo-geral-Contemp-Atualizado-03.pdf,/api/arquivos/temnacontemp.pdf,2024-01-26 19:12:41.384,2024-01-26 19:12:41.384
933,/produto/TERMOPAR_FeCo_TIPO_%22J%22_,"/produto/cabo_extensão_tipo_""j""",2024-01-26 19:14:15.372,2024-01-26 19:14:15.372
934,/produto/TERMOPAR_CrCo__TIPO_%22E%22,/produto/smcr_-_termopar_isolação_mineral_com_cabeçote_de_ligação_e_rosca_de_fixação_ao_processo,2024-01-26 19:17:33.638,2024-01-26 19:17:33.638
935,/produto/AQUISITOR_DE_DADOS,/category/aquisitores,2024-01-26 19:18:24.702,2024-01-26 19:18:24.702
936,/bmqjtpld-106492-única-novedad-Mundo-Warcraft-Horde,/todosProdutos,2024-01-26 19:18:56.642,2024-01-26 19:18:56.642
939,/cameras-fixas-infravermelho-contemp,/category/cÂmeras_termogrÁficas_fixas,2024-01-26 19:21:25.932,2024-01-26 19:21:25.932
940,/produto-tag/coel,/todosProdutos,2024-01-26 19:21:51.1,2024-01-26 19:21:51.1
942,/produto/calibracao-rbc,/todosProdutos,2024-01-26 19:39:26.603,2024-01-26 19:39:26.603
944,/produto/software_-_contemp_bridge,/produto/contemp_bridge_-_software_para_comunica%c3%87%c3%83o_modbus-tcp_com_c%c3%82meras_optris,2024-01-29 14:43:26.446,2024-01-29 14:43:26.446
945,/produto/software_-_contemp_report,/produto/contemp_report_-_software_para_gera%c3%87%c3%83o_de_relat%c3%93rios_da_ihm_h401,2024-01-29 14:45:04.48,2024-01-29 14:45:04.48
941,/monitoramento-termico-na-secagem-de-sucata-na-reciclagem-de-aluminio,https://blog.contemp.com.br/medindo-temperaturas-com-precisao-pirometros-infravermelhos-fixos,2024-01-26 19:24:16.091,2024-01-26 19:33:22.725
938,/wp-content/uploads/2010/12/Manual-ETC46.pdf,/produto/placa_controladora_-_etc_46,2024-01-26 19:20:22.59,2024-01-26 22:38:20.861
937,/produto/cr3dc-reles-de-estado-solido-trifasico-dc,/produto/relé_de_estado_sólido_trifásico_-_cr3_dc,2024-01-26 19:19:45.079,2024-01-27 16:36:16.613
943,/produto/software_gratuito_-_contemp_connect,/produto/contemp_connect_-_software_para_configura%c3%87%c3%83o_monitoramento_e_registro_de_produtos_contemp,2024-01-29 14:36:53.029,2024-01-29 14:36:53.029
946,/produto/software_gratuito_-_s200_connect,/produto/s200_connect_-_software_para_configura%c3%87%c3%83o_de_transmissores_s200,2024-01-29 14:46:44.433,2024-01-29 14:46:44.433
947,/produto/software_gratuito_-_contemp_tools,/produto/contemp_tools_-_app_android_para_configura%c3%87%c3%83o_de_produtos_contemp_via_nfc,2024-01-29 14:48:06.955,2024-01-29 14:48:06.955
