id,description,description_seo,favorite,is_active,is_main,key_word_seo,name,firebase_id,sub_category_id,order,url,all_product,urlPicture,order_all_products,filter,created_at,updated_at
4,Conheça a linha de Pirômetros Portáteis da Contemp.,asdasdasd,false,true,true,asdasd,PIRÔMETROS PORTÁTEIS,LZsNG9GxIzHCQMrskqN0,,38,https://firebasestorage.googleapis.com/v0/b/contemp-1e58c.appspot.com/o/Ativo%2040.png-Sat%20Jan%2014%202023%2012%3A58%3A54%20GMT-0300%20(Hor%C3%A1rio%20Padr%C3%A3o%20de%20Bras%C3%ADlia)?alt=media&token=e79d041f-7d2b-4dad-9055-2dd1925178b5,true,https://firebasestorage.googleapis.com/v0/b/contemp-1e58c.appspot.com/o/Piro%20portatil.png-Wed%20Aug%2023%202023%2010%3A41%3A52%20GMT-0300%20(Hor%C3%A1rio%20Padr%C3%A3o%20de%20Bras%C3%ADlia)?alt=media&token=a5bd91b8-2889-455c-96c2-f7bf9debabd2,11,[],2024-01-11 23:45:07.703,2024-01-11 23:45:07.703
17,Conheça a linha de Contador em Contadores e Temporizadores da Contemp.,teste,false,true,false,teste,CONTADOR,vc3kNXyZyDpQueaLAu3s,1,69,,false,https://firebasestorage.googleapis.com/v0/b/contemp-1e58c.appspot.com/o/K304.png-Wed%20Aug%2023%202023%2009%3A32%3A04%20GMT-0300%20(Hor%C3%A1rio%20Padr%C3%A3o%20de%20Bras%C3%ADlia)?alt=media&token=44bfe02e-e686-4e08-abaa-c65970526271,14,[],2024-01-11 23:45:07.703,2024-01-11 23:45:07.703
2,Conheça a linha de Softwares da Contemp.,adasdasasd,false,true,true,asdasd,SOFTWARES,BW1i3hOesNsqizpPxQrZ,,43,https://firebasestorage.googleapis.com/v0/b/contemp-1e58c.appspot.com/o/perfil-contemp3.png-Wed%20Jan%2018%202023%2011%3A25%3A11%20GMT-0300%20(Hor%C3%A1rio%20Padr%C3%A3o%20de%20Bras%C3%ADlia)?alt=media&token=aa7138da-9bca-4865-8cbf-b679a37313ee,true,https://firebasestorage.googleapis.com/v0/b/contemp-1e58c.appspot.com/o/CONTEMP%20TOOLS.png-Wed%20Aug%2023%202023%2011%3A15%3A28%20GMT-0300%20(Hor%C3%A1rio%20Padr%C3%A3o%20de%20Bras%C3%ADlia)?alt=media&token=db9a28e4-3f48-4b98-bfd9-bf168152f988,12,[],2024-01-11 23:45:07.703,2024-01-11 23:45:07.703
18,Conheça a linha de Software Gratuito - Contemp em Softwares da Contemp.,sfsdfsd,false,true,false,sfsf,SOFTWARE GRATUITO - CONTEMP TOOLS,8q1yhBzKey1amYcGBGm5,2,67,https://firebasestorage.googleapis.com/v0/b/contemp-1e58c.appspot.com/o/perfil-contemp.png-Tue%20Feb%2014%202023%2018%3A21%3A00%20GMT-0300%20(Hor%C3%A1rio%20Padr%C3%A3o%20de%20Bras%C3%ADlia)?alt=media&token=888132b8-d9d5-4c26-9115-459e291b18b3,false,,,[],2024-01-11 23:45:07.703,2024-01-11 23:45:07.703
8,.,.,false,false,true,.,CATEGORY_SECUNDARY,ZGRgyNWLIzLRqjwqcdPF,,22,,true,,,[],2024-01-11 23:45:07.703,2024-01-11 23:45:07.703
9,Conheça a linha de Placas Controladoras de Processo da Contemp.,adasd,false,true,true,asdasd,PLACAS CONTROLADORAS DE PROCESSO,ecjxOxhMSgZ3Flg43ECx,,40,,true,https://firebasestorage.googleapis.com/v0/b/contemp-1e58c.appspot.com/o/Placa%20C130.png-Wed%20Aug%2023%202023%2009%3A39%3A23%20GMT-0300%20(Hor%C3%A1rio%20Padr%C3%A3o%20de%20Bras%C3%ADlia)?alt=media&token=f79d04e1-26ce-40c8-b544-dc1ed6b5c8e4,5,[],2024-01-11 23:45:07.703,2024-01-11 23:45:07.703
15,Conheça a linha de Temporizador em Contadores e Temporizadores da Contemp.,teste,false,true,false,teste,TEMPORIZADOR,IxGuxSuLlB8vpMR2kIkD,1,70,,false,,17,[],2024-01-11 23:45:07.703,2024-01-11 23:45:07.703
7,Conheça a linha de Câmeras Termográficas Fixas da Contemp.,asd,false,true,true,asda,CÂMERAS TERMOGRÁFICAS FIXAS,YIWSXBBZNNhSYToD5oAR,,32,https://firebasestorage.googleapis.com/v0/b/contemp-1e58c.appspot.com/o/Ativo%207.png-Sat%20Jan%2014%202023%2012%3A35%3A41%20GMT-0300%20(Hor%C3%A1rio%20Padr%C3%A3o%20de%20Bras%C3%ADlia)?alt=media&token=5b4c34ef-10ef-478d-87af-60974ba436cb,true,https://firebasestorage.googleapis.com/v0/b/contemp-1e58c.appspot.com/o/Camera.png-Wed%20Aug%2023%202023%2010%3A35%3A46%20GMT-0300%20(Hor%C3%A1rio%20Padr%C3%A3o%20de%20Bras%C3%ADlia)?alt=media&token=26226e81-bbed-486b-aa46-4776a7b2a6c8,9,[],2024-01-11 23:45:07.703,2024-01-11 23:45:07.703
19,Conheça a linha de Software - Contemp Bridge em Softwares da Contemp.,asdasd,false,true,false,asdasd,SOFTWARE - CONTEMP BRIDGE,JnHsvnVk9E8De8SItl87,2,44,https://firebasestorage.googleapis.com/v0/b/contemp-1e58c.appspot.com/o/perfil-contemp.png-Tue%20Feb%2014%202023%2018%3A15%3A35%20GMT-0300%20(Hor%C3%A1rio%20Padr%C3%A3o%20de%20Bras%C3%ADlia)?alt=media&token=c0e122f5-d59d-43ee-8c23-244a02e07fa7,false,,,[],2024-01-11 23:45:07.703,2024-01-11 23:45:07.703
11,Conheça a linha de Indicadores de Processo da Contemp.,adasdas,false,true,true,adasd,INDICADORES DE PROCESSO,jiLQqZEBv5EBqUj6yitY,,41,https://firebasestorage.googleapis.com/v0/b/contemp-1e58c.appspot.com/o/controlador-de-potencia.png-Wed%20Jan%2018%202023%2011%3A21%3A51%20GMT-0300%20(Hor%C3%A1rio%20Padr%C3%A3o%20de%20Bras%C3%ADlia)?alt=media&token=d86fde31-80b8-4720-8af0-74d3173a8fde,true,https://firebasestorage.googleapis.com/v0/b/contemp-1e58c.appspot.com/o/I716.png-Wed%20Aug%2023%202023%2011%3A55%3A49%20GMT-0300%20(Hor%C3%A1rio%20Padr%C3%A3o%20de%20Bras%C3%ADlia)?alt=media&token=ec260025-eb9b-40ec-b572-af3a25c07d24,3,[],2024-01-11 23:45:07.703,2024-01-11 23:45:07.703
34,Conheça a linha de Controladores da Contemp.,Conheça a linha de Controladores da Contemp.,false,true,false,TESTE,CONTROLADORES,4PMxGyIC6XuRQlOJAPZc,6,73,,false,,,[],2024-01-11 23:45:07.703,2024-01-11 23:45:07.703
37,Conheça a linha Placas Controladoras em Placas Controladoras de Processo.,adasd,false,true,false,asdasd,PLACAS CONTROLADORAS,P4qcBkSRGh9MKsK8RZFm,9,52,https://firebasestorage.googleapis.com/v0/b/contemp-1e58c.appspot.com/o/controlador-de-potencia.png-Fri%20Jan%2013%202023%2020%3A24%3A41%20GMT-0300%20(Hor%C3%A1rio%20Padr%C3%A3o%20de%20Bras%C3%ADlia)?alt=media&token=fea5aeea-0dc5-4e29-8572-6883b24c25ba,false,,,[],2024-01-11 23:45:07.703,2024-01-11 23:45:07.703
24,Conheça a linha Transmissores de Sinais em Transmissores e Conversores da Contemp.,asdasd,false,true,false,asdasd,TRANSMISSORES DE SINAIS,Db2KwTSxK0nmEUSaCXGG,3,57,https://firebasestorage.googleapis.com/v0/b/contemp-1e58c.appspot.com/o/Ativo%205.png-Sat%20Jan%2014%202023%2013%3A05%3A51%20GMT-0300%20(Hor%C3%A1rio%20Padr%C3%A3o%20de%20Bras%C3%ADlia)?alt=media&token=81629355-90d4-4a9d-9c02-44ab2ceef72f,false,,,[],2024-01-11 23:45:07.703,2024-01-11 23:45:07.703
26,Conheça a linha Transmissores de Pressão em Transmissores e Conversores da Contemp.,adasd,false,true,false,asdasd,TRANSMISSORES DE PRESSÃO,eex3APKbKQZpgzNlpJiY,3,60,https://firebasestorage.googleapis.com/v0/b/contemp-1e58c.appspot.com/o/perfil-contemp.png-Sat%20Jan%2014%202023%2013%3A07%3A43%20GMT-0300%20(Hor%C3%A1rio%20Padr%C3%A3o%20de%20Bras%C3%ADlia)?alt=media&token=153a9cef-7180-4ac2-b053-ed578398e7ab,false,,,[],2024-01-11 23:45:07.703,2024-01-11 23:45:07.703
5,Conheça a linha de Aquisitores da Contemp.,adadas,false,true,true,adasda,AQUISITORES,RmWx4h9p8jyElsa2GJq1,,36,,true,https://firebasestorage.googleapis.com/v0/b/contemp-1e58c.appspot.com/o/Aquisitor.png-Wed%20Aug%2023%202023%2010%3A12%3A20%20GMT-0300%20(Hor%C3%A1rio%20Padr%C3%A3o%20de%20Bras%C3%ADlia)?alt=media&token=ca8ee5e8-f707-42e6-9335-19b95831ef16,6,[],2024-01-11 23:45:07.703,2024-01-26 20:14:55.257
31,Conheça a linha Fonte em Aquisitores da Contemp.,asdasdas,false,true,false,adasd,FONTE,DbXGvrMqUhZJFYJnD105,5,71,https://firebasestorage.googleapis.com/v0/b/contemp-1e58c.appspot.com/o/perfil-contemp3.png-Fri%20Jan%2013%202023%2020%3A11%3A33%20GMT-0300%20(Hor%C3%A1rio%20Padr%C3%A3o%20de%20Bras%C3%ADlia)?alt=media&token=dbf96ee8-ab21-4ed4-979a-8a56e99c31aa,false,,,[],2024-01-11 23:45:07.703,2024-01-11 23:45:07.703
21,"Conheça a linha Software - 
 Contemp Connect de Softwares da Contemp.",dasdasd,false,true,false,asdasd,SOFTWARE - CONTEMP CONNECT,co2E1m6xytPkfjVjJDAe,2,63,https://firebasestorage.googleapis.com/v0/b/contemp-1e58c.appspot.com/o/perfil-contemp.png-Tue%20Feb%2014%202023%2018%3A19%3A58%20GMT-0300%20(Hor%C3%A1rio%20Padr%C3%A3o%20de%20Bras%C3%ADlia)?alt=media&token=8a451097-18d6-440f-9541-f2e2264f8e0d,false,,,[],2024-01-11 23:45:07.703,2024-01-11 23:45:07.703
22,Conheça a linha Software Gratuito - S200 Connect em Softwares da Contemp.,adsdad,false,true,false,asdasd,SOFTWARE GRATUITO - S200 CONNECT,wdNNoIRBl4d4POODfdLH,2,65,https://firebasestorage.googleapis.com/v0/b/contemp-1e58c.appspot.com/o/perfil-contemp3.png-Tue%20Feb%2014%202023%2018%3A20%3A27%20GMT-0300%20(Hor%C3%A1rio%20Padr%C3%A3o%20de%20Bras%C3%ADlia)?alt=media&token=fe1d0b87-a04f-44c3-b720-215e51f41dc4,false,,,[],2024-01-11 23:45:07.703,2024-01-11 23:45:07.703
25,Conheça a linha Transmissores de Temperatura e Umidade em Transmissores e Conversores da Contemp.,adasdas,false,true,false,asdasdas,TRANSMISSORES DE TEMPERATURA E UMIDADE,J4xfiMtHh9kjp0QEnqx9,3,56,https://firebasestorage.googleapis.com/v0/b/contemp-1e58c.appspot.com/o/perfil-contemp3.png-Sat%20Jan%2014%202023%2013%3A06%3A45%20GMT-0300%20(Hor%C3%A1rio%20Padr%C3%A3o%20de%20Bras%C3%ADlia)?alt=media&token=069e0f0d-d46f-447d-9f68-305a34124236,false,,,[],2024-01-11 23:45:07.703,2024-01-11 23:45:07.703
27,Conheça nossa linha de configuradores Contemp.,teste,false,true,false,asdasd,CONFIGURADOR,fOL5XObdyDHFSDwlgooy,3,58,https://firebasestorage.googleapis.com/v0/b/contemp-1e58c.appspot.com/o/perfil-contemp2.png-Wed%20Jan%2018%202023%2011%3A27%3A52%20GMT-0300%20(Hor%C3%A1rio%20Padr%C3%A3o%20de%20Bras%C3%ADlia)?alt=media&token=3c3f16a6-ccbf-4af6-aaea-83d12a0347d2,false,,,[],2024-01-11 23:45:07.703,2024-01-11 23:45:07.703
28,Conheça a linha Integrador de Corrente em Transmissores e Conversores da Contemp.,asdasd,false,true,false,asdasd,INTEGRADOR DE CORRENTE,uD9YpaKeUHyMUgZ2MjLc,3,61,https://firebasestorage.googleapis.com/v0/b/contemp-1e58c.appspot.com/o/perfil-contemp.png-Tue%20Feb%2014%202023%2018%3A19%3A26%20GMT-0300%20(Hor%C3%A1rio%20Padr%C3%A3o%20de%20Bras%C3%ADlia)?alt=media&token=b02e92f1-6bd9-47f3-903c-5c05a7eeb911,false,,,[],2024-01-11 23:45:07.703,2024-01-11 23:45:07.703
29,Conheça a linha Compacta em Pirômetros Portáteis da Contemp.,asdasd,false,true,false,asdasd,COMPACTA - OPTRIS,SnsRXjFWtlXwOhuJrDEm,4,55,https://firebasestorage.googleapis.com/v0/b/contemp-1e58c.appspot.com/o/Ativo%2040.png-Tue%20Feb%2014%202023%2018%3A19%3A09%20GMT-0300%20(Hor%C3%A1rio%20Padr%C3%A3o%20de%20Bras%C3%ADlia)?alt=media&token=e65c33a5-9781-46d5-a5d0-21b5643771b6,false,,,[],2024-01-11 23:45:07.703,2024-01-11 23:45:07.703
38,Conheça a linha Compacta em Pirômetros Infravermelhos da Contemp.,dasdasd,false,true,false,asddas,LINHA COMPACTA - OPTRIS,8lmH4Na1UhaKZz1kBv3v,10,46,https://firebasestorage.googleapis.com/v0/b/contemp-1e58c.appspot.com/o/Ativo%208.png-Tue%20Feb%2014%202023%2018%3A16%3A00%20GMT-0300%20(Hor%C3%A1rio%20Padr%C3%A3o%20de%20Bras%C3%ADlia)?alt=media&token=74ee87af-08c4-4ccc-b403-83605e7e6f03,false,,,[],2024-01-11 23:45:07.703,2024-01-11 23:45:07.703
30,Conheça a linha Performance em Pirômetros Portáteis da Contemp.,asdasd,false,true,false,asdasd,PERFORMANCE - OPTRIS,o5jC2xMisB6sQc5L8DDU,4,49,https://firebasestorage.googleapis.com/v0/b/contemp-1e58c.appspot.com/o/Ativo%208.png-Tue%20Feb%2014%202023%2018%3A17%3A37%20GMT-0300%20(Hor%C3%A1rio%20Padr%C3%A3o%20de%20Bras%C3%ADlia)?alt=media&token=0c2a2a4b-ba2c-4d07-a661-8abe7790a3d1,false,,,[],2024-01-11 23:45:07.703,2024-01-11 23:45:07.703
39,Conheça a linha Compacta em Pirômetros Infravermelhos da Contemp.,asdasd,false,true,false,asdasd,LINHA PERFORMANCE - OPTRIS,JK0NFpaPge2oP1zsYvqp,10,45,https://firebasestorage.googleapis.com/v0/b/contemp-1e58c.appspot.com/o/Ativo%206.png-Tue%20Feb%2014%202023%2018%3A15%3A48%20GMT-0300%20(Hor%C3%A1rio%20Padr%C3%A3o%20de%20Bras%C3%ADlia)?alt=media&token=752cbcaa-4ec2-4e23-a9e5-3bd6dd96b801,false,,,[],2024-01-11 23:45:07.703,2024-01-11 23:45:07.703
32,Conheça a linha IHM - Interface em Aquisitores da Contemp.,adasda,false,true,false,asdasd,IHM - INTERFACE,LxNSHxf0cCualzq2x1S4,5,48,https://firebasestorage.googleapis.com/v0/b/contemp-1e58c.appspot.com/o/perfil-contemp.png-Fri%20Jan%2013%202023%2020%3A23%3A57%20GMT-0300%20(Hor%C3%A1rio%20Padr%C3%A3o%20de%20Bras%C3%ADlia)?alt=media&token=b94d0c34-d42b-4a9e-a372-69fd3c9ebc65,false,,,[],2024-01-11 23:45:07.703,2024-01-11 23:45:07.703
33,Conheça a linha de Multicanais em Aquisitores da Contemp.,teste,false,true,false,teste,MULTICANAIS,e2nggBAIxJPtNyv4TpAi,5,47,https://firebasestorage.googleapis.com/v0/b/contemp-1e58c.appspot.com/o/perfil-contemp2.png-Tue%20Feb%2014%202023%2018%3A17%3A11%20GMT-0300%20(Hor%C3%A1rio%20Padr%C3%A3o%20de%20Bras%C3%ADlia)?alt=media&token=5eea4848-7e65-409e-adb8-24a51a0d769c,false,,,[],2024-01-11 23:45:07.703,2024-01-11 23:45:07.703
35,Conheça a linha Precisão em Câmeras Termográficas Fixas da Contemp.,adssad,false,true,false,asdadas,LINHA PRECISÃO - OPTRIS,PcZefPcoP3Mz1G91lRDw,7,33,https://firebasestorage.googleapis.com/v0/b/contemp-1e58c.appspot.com/o/Ativo%2010.png-Tue%20Feb%2014%202023%2018%3A14%3A50%20GMT-0300%20(Hor%C3%A1rio%20Padr%C3%A3o%20de%20Bras%C3%ADlia)?alt=media&token=80f681ac-5b09-43b2-9a78-10d478a74b3f,false,,,[],2024-01-11 23:45:07.703,2024-01-11 23:45:07.703
36,Conheça a linha Desempenho em Câmeras Termográficas Fixas da Contemp.,adasd,false,true,false,asdas,LINHA DESEMPENHO - OPTRIS,c6MiiZ4v5TzCmUMkvJak,7,34,https://firebasestorage.googleapis.com/v0/b/contemp-1e58c.appspot.com/o/Ativo%2070.png-Tue%20Feb%2014%202023%2018%3A15%3A03%20GMT-0300%20(Hor%C3%A1rio%20Padr%C3%A3o%20de%20Bras%C3%ADlia)?alt=media&token=52ff5f3c-9a98-46ac-8a6e-eba491e01dda,false,,,[],2024-01-11 23:45:07.703,2024-01-11 23:45:07.703
50,Conheça a linha Avançada - C71X em Controladores de Processo da Contemp.,teste,false,true,false,teste,LINHA AVANÇADA - C71X,ChKDfNxjPc7xmFzmAhPp,14,24,https://firebasestorage.googleapis.com/v0/b/contemp-1e58c.appspot.com/o/Ativo%205.png-Tue%20Feb%2014%202023%2018%3A13%3A05%20GMT-0300%20(Hor%C3%A1rio%20Padr%C3%A3o%20de%20Bras%C3%ADlia)?alt=media&token=51af1db6-3ddf-4d6f-9d7a-c90cdd42570d,false,,,[],2024-01-11 23:45:07.703,2024-01-11 23:45:07.703
23,Conheça a linha Configurador D501 em Transmissores e Conversores da Contemp.,adasdsa,false,true,false,asdasd,CONVERSOR D501,8jAGSKbuZPFnUmPqXXok,3,59,https://firebasestorage.googleapis.com/v0/b/contemp-1e58c.appspot.com/o/controlador-de-potencia.png-Sat%20Jan%2014%202023%2013%3A07%3A10%20GMT-0300%20(Hor%C3%A1rio%20Padr%C3%A3o%20de%20Bras%C3%ADlia)?alt=media&token=c2a4832e-dd93-48e1-96e5-e724dd466293,false,,,[],2024-01-11 23:45:07.703,2024-01-11 23:45:07.703
51,Conheça a linha Desempenho - C51X em Controladores de Processo da Contemp.,..,false,true,false,..,LINHA DESEMPENHO - C51X,ZC7OFLfWhPVfu9X3XaIV,14,25,https://firebasestorage.googleapis.com/v0/b/contemp-1e58c.appspot.com/o/controlador-de-potencia.png-Tue%20Feb%2014%202023%2018%3A13%3A50%20GMT-0300%20(Hor%C3%A1rio%20Padr%C3%A3o%20de%20Bras%C3%ADlia)?alt=media&token=63b11bba-76f6-412c-8525-8c07aab04d8f,false,https://firebasestorage.googleapis.com/v0/b/contemp-1e58c.appspot.com/o/C515.png-Wed%20Aug%2023%202023%2009%3A23%3A07%20GMT-0300%20(Hor%C3%A1rio%20Padr%C3%A3o%20de%20Bras%C3%ADlia)?alt=media&token=0b594e1f-e0d2-4a4b-9820-3a6e1653585e,,[],2024-01-11 23:45:07.703,2024-01-11 23:45:07.703
44,Conheça a linha Avançada em Controladores de Potência da Contemp.,dfdsfsd,false,true,false,fdfaf,LINHA AVANÇADA - P501,8VdvXYU4a6p8i2OxWN7q,13,28,https://firebasestorage.googleapis.com/v0/b/contemp-1e58c.appspot.com/o/contoladores-de-potencia.png-Fri%20Jan%2013%202023%2019%3A53%3A06%20GMT-0300%20(Hor%C3%A1rio%20Padr%C3%A3o%20de%20Bras%C3%ADlia)?alt=media&token=fd1a624c-a5a2-44ce-a2cc-e476c812e911,false,,,[],2024-01-11 23:45:07.703,2024-01-11 23:45:07.703
1,Conheça a linha de Contadores e Temporizadores da Contemp.,asdasda,false,true,true,asdasd,CONTADORES E TEMPORIZADORES,8y5JsQ7zSownogWG4fVS,,39,https://firebasestorage.googleapis.com/v0/b/contemp-1e58c.appspot.com/o/controlador-de-potencia.png-Fri%20Jan%2013%202023%2020%3A06%3A57%20GMT-0300%20(Hor%C3%A1rio%20Padr%C3%A3o%20de%20Bras%C3%ADlia)?alt=media&token=cffbab62-867e-4572-b90a-e4abb4ad8c33,false,,,[],2024-01-11 23:45:07.703,2024-01-11 23:45:07.703
46,Conheça a linha Econômica em Controladores de Potência da Contemp.,WER,false,true,false,WER,LINHA DESEMPENHO - P301,I2C8cvMISQkUC6ax2ml9,13,29,https://firebasestorage.googleapis.com/v0/b/contemp-1e58c.appspot.com/o/contoladores-de-potencia.png-Tue%20Feb%2014%202023%2018%3A14%3A07%20GMT-0300%20(Hor%C3%A1rio%20Padr%C3%A3o%20de%20Bras%C3%ADlia)?alt=media&token=a7f69db6-49f3-4f67-a9f9-7ff8a0fe71af,false,,15,[],2024-01-11 23:45:07.703,2024-01-11 23:45:07.703
40,Conheça a linha Indicadores de Temperatura e Processo em Indicadores de Processo da Contemp.,adasdas,false,true,false,adasda,INDICADORES DE TEMPERATURA E PROCESSOS,R7G0T8MvvMqJPObVwkH5,11,54,https://firebasestorage.googleapis.com/v0/b/contemp-1e58c.appspot.com/o/controlador-de-potencia.png-Tue%20Feb%2014%202023%2018%3A18%3A50%20GMT-0300%20(Hor%C3%A1rio%20Padr%C3%A3o%20de%20Bras%C3%ADlia)?alt=media&token=2364019b-6a47-4562-a050-08d99e073915,false,,,[],2024-01-11 23:45:07.703,2024-01-11 23:45:07.703
49,Conheça a linha econômica - C41X em Controladores de Processo da Contemp.,t,false,true,false,t,LINHA ECONÔMICA - C41X,1yq2jdrA9C5MHPhiECqw,14,26,https://firebasestorage.googleapis.com/v0/b/contemp-1e58c.appspot.com/o/Ativo%205.png-Wed%20Jan%2018%202023%2011%3A18%3A28%20GMT-0300%20(Hor%C3%A1rio%20Padr%C3%A3o%20de%20Bras%C3%ADlia)?alt=media&token=68433f8d-f9e9-464b-95cf-b5673a4db7aa,false,,,[],2024-01-11 23:45:07.703,2024-01-11 23:45:07.703
43,Conheça a linha Termopar em Sensor da Contemp.,asdasd,false,true,false,asdasda,TERMOPARES,rXxsOm1lG1FpOUP6BKxs,12,51,https://firebasestorage.googleapis.com/v0/b/contemp-1e58c.appspot.com/o/Ativo%201.png-Tue%20Feb%2014%202023%2018%3A19%3A44%20GMT-0300%20(Hor%C3%A1rio%20Padr%C3%A3o%20de%20Bras%C3%ADlia)?alt=media&token=581131b7-873e-4cc9-8937-1ee1a106d528,false,,,[],2024-01-11 23:45:07.703,2024-01-11 23:45:07.703
45,Conheça a linha Dissipadores de Calor em Controladores de Potência da Contemp.,das,false,true,false,dasd,DISSIPADORES DE CALOR,BdkgM9uOYFHym6nSdpkE,13,31,https://firebasestorage.googleapis.com/v0/b/contemp-1e58c.appspot.com/o/contoladores-de-potencia.png-Tue%20Feb%2014%202023%2018%3A14%3A37%20GMT-0300%20(Hor%C3%A1rio%20Padr%C3%A3o%20de%20Bras%C3%ADlia)?alt=media&token=d522b326-7ad3-4d60-97ee-96f0dd550303,false,,,[],2024-01-11 23:45:07.703,2024-01-11 23:45:07.703
47,Conheça a linha Relés de Estado Sólido SSR em Controladores de Potência da Contemp.,faasf,false,true,false,fafasf,RELÉS DE ESTADO SÓLIDO SSR,XBXK40Pg5t31DQ7pWx2I,13,30,https://firebasestorage.googleapis.com/v0/b/contemp-1e58c.appspot.com/o/Ativo%209.png-Tue%20Feb%2014%202023%2018%3A14%3A24%20GMT-0300%20(Hor%C3%A1rio%20Padr%C3%A3o%20de%20Bras%C3%ADlia)?alt=media&token=7e9ea7e7-4dbd-445f-8fa0-653a1c058291,false,,,[],2024-01-11 23:45:07.703,2024-01-11 23:45:07.703
48,Conheça a linha Interface Homem Máquina em Controladores de Potência da Contemp.,dasda,false,true,false,dsasd,INTERFACE HOMEM MÁQUINA,yVsmYLVufSyGcRBmiJkO,13,68,https://firebasestorage.googleapis.com/v0/b/contemp-1e58c.appspot.com/o/perfil-contemp3.png-Sat%20Jan%2014%202023%2012%3A35%3A06%20GMT-0300%20(Hor%C3%A1rio%20Padr%C3%A3o%20de%20Bras%C3%ADlia)?alt=media&token=664d309a-4b7b-4379-a6e4-60404b862283,false,,,[],2024-01-11 23:45:07.703,2024-01-11 23:45:07.703
41,Conheça a linha de Termorresistores em Sensores da Contemp.,asdasdas,false,true,false,adasdas,TERMORRESISTENCIAS,3JSjd9Wzc4Tnbv5dgQWr,12,62,https://firebasestorage.googleapis.com/v0/b/contemp-1e58c.appspot.com/o/Ativo%2050.png-Tue%20Feb%2014%202023%2018%3A18%3A37%20GMT-0300%20(Hor%C3%A1rio%20Padr%C3%A3o%20de%20Bras%C3%ADlia)?alt=media&token=a6a09f93-5740-4373-a497-108dc798920c,false,,,[],2024-01-11 23:45:07.703,2024-01-11 23:45:07.703
42,Conheça a linha Cabos Termopar em Sensor da Contemp.,adasdas,false,true,false,asdasd,CABOS DE EXTENSÃO,oKZlUCTj43aBMyzWcRks,12,64,https://firebasestorage.googleapis.com/v0/b/contemp-1e58c.appspot.com/o/Ativo%2050.png-Tue%20Feb%2014%202023%2018%3A20%3A10%20GMT-0300%20(Hor%C3%A1rio%20Padr%C3%A3o%20de%20Bras%C3%ADlia)?alt=media&token=025ef747-2e21-4090-b9f2-39163252607a,false,,,[],2024-01-11 23:45:07.703,2024-01-11 23:45:07.703
13,Conheça a linha de Controladores de Potência da Contemp.,dsds,false,true,true,dss,CONTROLADORES DE POTÊNCIA,sr1fIxNrC0I3TVMDeNbH,,1,https://firebasestorage.googleapis.com/v0/b/contemp-1e58c.appspot.com/o/contoladores-de-potencia.png-Sat%20Jan%2014%202023%2012%3A33%3A02%20GMT-0300%20(Hor%C3%A1rio%20Padr%C3%A3o%20de%20Bras%C3%ADlia)?alt=media&token=5025f41d-8682-4f77-b380-d3b41d29a54c,true,https://firebasestorage.googleapis.com/v0/b/contemp-1e58c.appspot.com/o/P501.png-Wed%20Aug%2023%202023%2011%3A59%3A26%20GMT-0300%20(Hor%C3%A1rio%20Padr%C3%A3o%20de%20Bras%C3%ADlia)?alt=media&token=315a26ac-b88c-4d77-975e-9a5cf2966689,1,"[{""name"":""100 a 150A"",""products"":[187,95]},{""name"":""200 a 250A"",""products"":[256,118,109,251,140]},{""name"":""300 a 400A"",""products"":[193,137,163]},{""name"":""600 a 800A"",""products"":[139,146,104]},{""name"":""1000 a 1200A"",""products"":[147,227,98]}]",2024-01-11 23:45:07.703,2024-01-11 23:45:07.703
12,Conheça a linha de Sensores da Contemp.,asdasd,false,true,true,asdasd,SENSORES,pnbvyOLcbKeounzUcwur,,35,https://firebasestorage.googleapis.com/v0/b/contemp-1e58c.appspot.com/o/Ativo%2050.png-Sat%20Jan%2014%202023%2013%3A15%3A16%20GMT-0300%20(Hor%C3%A1rio%20Padr%C3%A3o%20de%20Bras%C3%ADlia)?alt=media&token=8e4827c1-0117-4503-9ee4-8d2e0b043c1d,true,https://firebasestorage.googleapis.com/v0/b/contemp-1e58c.appspot.com/o/Sensores.png-Wed%20Aug%2023%202023%2010%3A31%3A03%20GMT-0300%20(Hor%C3%A1rio%20Padr%C3%A3o%20de%20Bras%C3%ADlia)?alt=media&token=0d8bd324-fe89-4b9c-a684-6337ccb8d79a,8,[],2024-01-11 23:45:07.703,2024-01-11 23:45:07.703
16,Conheça a linha Contador / Temporizador / Velocímetro em  Contadores e Temporizadores da Contemp.,adasd,false,true,false,adasda,"CONTADOR, TEMPORIZADOR , VELOCÍMETRO",e2UIpuH6NJlHReEHsezW,1,50,https://firebasestorage.googleapis.com/v0/b/contemp-1e58c.appspot.com/o/perfil-contemp.png-Tue%20Feb%2014%202023%2018%3A18%3A21%20GMT-0300%20(Hor%C3%A1rio%20Padr%C3%A3o%20de%20Bras%C3%ADlia)?alt=media&token=c5475526-09b8-47c9-b673-0c7623b16e86,true,https://firebasestorage.googleapis.com/v0/b/contemp-1e58c.appspot.com/o/KT507.png-Wed%20Aug%2023%202023%2009%3A36%3A11%20GMT-0300%20(Hor%C3%A1rio%20Padr%C3%A3o%20de%20Bras%C3%ADlia)?alt=media&token=2d0037dc-9909-46df-ae55-4008475c1418,4,[],2024-01-11 23:45:07.703,2024-01-11 23:45:07.703
10,Conheça a linha Pirômetros Infravermelhos Fixos em Pirômetros Portáteis da Contemp.,asdasdasd,false,true,true,asdasd,PIRÔMETROS INFRAVERMELHOS FIXOS,hflh7cnn80or5jZDxNgO,,37,https://firebasestorage.googleapis.com/v0/b/contemp-1e58c.appspot.com/o/Ativo%208.png-Wed%20Jan%2018%202023%2011%3A20%3A51%20GMT-0300%20(Hor%C3%A1rio%20Padr%C3%A3o%20de%20Bras%C3%ADlia)?alt=media&token=4e0211fd-5f71-4666-804c-156b87bbbf13,true,https://firebasestorage.googleapis.com/v0/b/contemp-1e58c.appspot.com/o/Pirometro.png-Wed%20Aug%2023%202023%2010%3A37%3A58%20GMT-0300%20(Hor%C3%A1rio%20Padr%C3%A3o%20de%20Bras%C3%ADlia)?alt=media&token=51c1bb78-4089-4c4b-acab-be4318ab398f,10,"[{""name"":""CsVision"",""products"":[273,272]}]",2024-01-11 23:45:07.703,2024-01-11 23:45:07.703
14,Conheça a nossa linha de Controladores de Temperatura e Processos Contemp.,Controlador de Temperatura e Processos Contemp.,false,true,true,"Controlador de temperatura e processos, controlador, temperatura industrial, Controlador de temperatura",CONTROLADORES DE PROCESSOS,un6omWh8aDql6ASRzpKl,,23,https://firebasestorage.googleapis.com/v0/b/contemp-1e58c.appspot.com/o/controlador-de-potencia.png-Sat%20Jan%2014%202023%2012%3A29%3A50%20GMT-0300%20(Hor%C3%A1rio%20Padr%C3%A3o%20de%20Bras%C3%ADlia)?alt=media&token=60ce7fa2-2f1f-468d-b501-91a91250010b,true,https://firebasestorage.googleapis.com/v0/b/contemp-1e58c.appspot.com/o/C714%20-%202022-NOVO%20-MAIOR.png-Wed%20Aug%2023%202023%2008%3A45%3A18%20GMT-0300%20(Hor%C3%A1rio%20Padr%C3%A3o%20de%20Bras%C3%ADlia)?alt=media&token=34ef9b0d-d37f-4ef1-923d-b131bd41eeaf,2,"[{""name"":""RAMPAS E PATAMARES"",""products"":[204,245,266,183,179,111]},{""name"":""COMUNICAÇÃO RS485"",""products"":[204,266,245,111]},{""name"":""48X48X83"",""products"":[126,183,204]},{""name"":""48x96x83mm"",""products"":[179,266]},{""name"":""96x96x83mm"",""products"":[245]}]",2024-01-11 23:45:07.703,2024-01-11 23:45:07.703
80,"O software Contemp Report possui interface moderna e intuitiva, com finalidade de abrir e baixar arquivos log da IHM H401, possibilitando exportar os dados e gerar relatório em diversos formatos.",SOFTWARE CONTEMP REPORT,false,true,false,SOFTWARE CONTEMP REPORT,SOFTWARE - CONTEMP REPORT,,2,94,,false,https://firebasestorage.googleapis.com/v0/b/contemp-1e58c.appspot.com/o/Software%2001.webp-Mon%20Dec%2011%202023%2010%3A26%3A13%20GMT-0300%20(Hor%C3%A1rio%20Padr%C3%A3o%20de%20Bras%C3%ADlia)?alt=media&token=b0d62a37-ee47-4375-827f-b663c8230a9a,,[],2024-01-11 23:45:07.703,2024-01-11 23:45:07.703
79,nd,nd,false,true,false,nd,COM CABO DE SINAL,,41,81,,false,,,[],2024-01-11 23:45:07.703,2024-01-11 23:45:07.703
66,Conheça a linha de Termorresistencias flexível com cabo de sinal da Contemp.,teste,false,true,false,teste,FLEXÍVEL COM CABO DE SINAL,,41,82,,false,,,[],2024-01-11 23:45:07.703,2024-01-11 23:45:07.703
67,Conheça a linha de Termorresistencias com conector 3 fios da Contemp.,teste,false,true,false,teste,COM CONECTOR 3 FIOS,,41,93,,false,,,[],2024-01-11 23:45:07.703,2024-01-11 23:45:07.703
6,Conheça as versões anteriores da linha de Controladores de Contemp.,teste,false,true,true,teste,VERSÕES ANTERIORES,TpSHhGHduHCUlW3RfNnp,,72,,true,https://firebasestorage.googleapis.com/v0/b/contemp-1e58c.appspot.com/o/Modelo%20atual.png-Wed%20Aug%2023%202023%2011%3A40%3A03%20GMT-0300%20(Hor%C3%A1rio%20Padr%C3%A3o%20de%20Bras%C3%ADlia)?alt=media&token=59cfc5d5-c661-40bc-b3b1-462378f074a3,13,[],2024-01-11 23:45:07.703,2024-01-11 23:45:07.703
70,Conheça a linha de Conectores Compensados da Contemp.,tr,false,true,false,tr,CONECTORES COMPENSADOS,,12,85,,false,,,[],2024-01-11 23:45:07.703,2024-01-11 23:45:07.703
65,Conheça a linha de Termorresistencias com cabo de sinal da Contemp.,teste,false,false,false,teste,TERMORRESISTENCIAS COM CABO DE SINAL,,41,80,,false,,,[],2024-01-11 23:45:07.703,2024-01-11 23:45:07.703
71,ND,ND,false,true,false,ND,HASTE MINERAL,,69,86,,false,,,[],2024-01-11 23:45:07.703,2024-01-11 23:45:07.703
72,nd,nd,false,true,false,nd,PROTEÇÃO METÁLICA,,69,87,,false,,,[],2024-01-11 23:45:07.703,2024-01-11 23:45:07.703
73,nd,nd,false,true,false,nd,PROTEÇÃO CERÂMICA,,69,88,,false,,,[],2024-01-11 23:45:07.703,2024-01-11 23:45:07.703
74,nd,nd,false,true,false,nd,POÇO DE PROTEÇÃO,,69,89,,false,,,[],2024-01-11 23:45:07.703,2024-01-11 23:45:07.703
75,nd,nd,false,true,false,nd,ANGULAR – IMERSÃO BANHO/METAL FUNDIDO,,69,90,,false,,,[],2024-01-11 23:45:07.703,2024-01-11 23:45:07.703
62,Conheça a linha de Termopares com conector compensado da Contemp.,teste,false,true,false,teste,COM CONECTOR COMPENSADO,,43,77,,false,,,[],2024-01-11 23:45:07.703,2024-01-11 23:45:07.703
64,Conheça a linha de Termorresistencias com cabeçote da Contemp.,teste,false,true,false,teste,TERMORRESISTENCIAS COM CABEÇOTE,,41,79,,false,,,[],2024-01-11 23:45:07.703,2024-01-11 23:45:07.703
77,nd,nd,false,true,false,nd,HASTE METÁLICA,,64,91,,false,,,[],2024-01-11 23:45:07.703,2024-01-11 23:45:07.703
78,nd,nd,false,true,false,nd,COM POÇO DE PROTEÇÃO,,64,92,,false,,,[],2024-01-11 23:45:07.703,2024-01-11 23:45:07.703
69,Conheça a linha de Termopares com cabeçote da Contemp.,Conheça a linha de Termopares com cabeçote da Contemp.,false,true,false,,COM CABEÇOTE,,43,75,,false,,,[],2024-01-11 23:45:07.703,2024-01-11 23:45:07.703
60,Conheça a linha de Termopares com cabo compensado da Contemp.,teste,false,true,false,teste,COM CABO COMPENSADO,,43,76,,false,,,[],2024-01-11 23:45:07.703,2024-01-11 23:45:07.703
61,Conheça a linha de Termopares flexível com cabo compensado da Contemp.,teste,false,true,false,teste,FLEXÍVEL COM CABO COMPENSADO,,43,78,,false,,,[],2024-01-11 23:45:07.703,2024-01-11 23:45:07.703
63,Conheça a linha de Refil/Sensor da Contemp.,teste,false,true,false,teste,REFIL / SENSOR,,43,84,,false,,,[],2024-01-11 23:45:07.703,2024-01-11 23:45:07.703
20,Conheça a linha Software Gratuito - Contemp Connect de Softwares da Contemp.,adasdadasdadasd,false,true,false,asdasd,SOFTWARE GRATUITO - CONTEMP CONNECT,R2WET8QaN4Oxvoau5D3V,21,66,https://firebasestorage.googleapis.com/v0/b/contemp-1e58c.appspot.com/o/perfil-contemp2.png-Tue%20Feb%2014%202023%2018%3A20%3A40%20GMT-0300%20(Hor%C3%A1rio%20Padr%C3%A3o%20de%20Bras%C3%ADlia)?alt=media&token=93961af5-4925-4720-a5b6-eafa531e1e17,false,,,[],2024-01-11 23:45:07.703,2024-01-11 23:59:05.41
3,Conheça a linha de Transmissores e Conversores da Contemp.,asdasddsa,false,true,true,asdasd,TRANSMISSORES E CONVERSORES,HiakJOGxSpeLAlaIyObI,,42,https://firebasestorage.googleapis.com/v0/b/contemp-1e58c.appspot.com/o/perfil-contemp.png-Wed%20Jan%2018%202023%2011%3A29%3A02%20GMT-0300%20(Hor%C3%A1rio%20Padr%C3%A3o%20de%20Bras%C3%ADlia)?alt=media&token=dbef334d-2fb4-4989-8970-e913307b4f04,true,https://firebasestorage.googleapis.com/v0/b/contemp-1e58c.appspot.com/o/S501.png-Wed%20Aug%2023%202023%2010%3A24%3A32%20GMT-0300%20(Hor%C3%A1rio%20Padr%C3%A3o%20de%20Bras%C3%ADlia)?alt=media&token=37db9cf3-3400-47d2-8daa-d940cded6962,7,[],2024-01-11 23:45:07.703,2024-01-26 20:20:39.46
